43568,6958,38325,77287,6994,13501,4,32,812,14,57.40,2.29,59.69,8.08,421.82,40.75,12.65,4.00,432.19,2450861
59561,2522,48699,1400838,6920,41849,1,30,8208,8,5.36,0.37,5.73,50.97,80.72,0.05,2.23,3.08,132.06,2450861
45053,14780,35582,666135,4398,31061,2,32,30040,84,5576.76,390.37,5967.13,86.71,5121.48,334.60,2935.60,2306.56,5598.56,2450861
43927,1333,61,841843,6472,17854,1,25,57459,35,3154.90,220.84,3375.74,84.30,722.75,1672.09,1423.49,59.32,1027.89,2450861
39423,3685,7903,1813382,5614,10693,4,34,58353,12,408.96,32.71,441.67,53.11,296.04,65.43,127.10,216.43,381.86,2450861
44786,14374,18249,131732,58,42384,4,3,58379,11,788.15,70.93,859.08,49.86,303.71,165.51,566.60,56.04,424.50,2450861
52492,6745,41350,1701597,2942,46287,2,7,59233,9,182.97,1.82,184.79,15.94,26.10,100.63,36.22,46.12,43.86,2450861
53956,12304,25575,1429579,6456,47333,2,22,126242,8,317.76,25.42,343.18,55.10,0.00,177.94,99.27,40.55,80.52,2450861
50448,6386,68511,1124216,5590,42164,4,19,139690,36,2964.24,266.78,3231.02,42.02,1533.24,1215.33,682.07,1066.84,1842.04,2450861
48214,7567,10403,830956,662,9215,1,34,155142,9,168.03,11.76,179.79,3.76,89.19,60.49,64.52,43.02,104.71,2450861
34623,16106,18212,1339941,3821,35348,7,20,155220,24,1637.04,147.33,1784.37,31.20,178.56,360.14,625.68,651.22,357.09,2450861
47298,11296,18777,147060,6496,3132,4,12,155713,65,3127.15,93.81,3220.96,86.91,1149.85,1907.56,658.57,561.02,1330.57,2450861
39209,2437,42816,14670,3677,43131,4,24,168080,6,384.66,0.00,384.66,30.05,119.34,276.95,31.23,76.48,149.39,2450861
46335,13316,68574,1177537,6147,11510,4,11,176024,41,3585.45,179.27,3764.72,65.84,977.85,2868.36,408.74,308.35,1222.96,2450861
51972,16052,19381,1463097,5544,10344,10,4,177701,1,89.32,2.67,91.99,66.08,12.76,79.49,3.34,6.49,81.51,2450861
54099,6316,21695,447118,2141,47517,10,3,195630,3,63.87,5.10,68.97,71.32,55.11,0.00,8.94,54.93,131.53,2450861
31705,12920,85903,80669,2411,31753,4,17,219742,19,260.11,23.40,283.51,40.04,82.08,18.20,135.46,106.45,145.52,2450861
50493,15085,18377,1432306,1868,9077,7,33,222012,32,1234.88,0.00,1234.88,94.03,104.96,160.53,408.25,666.10,198.99,2450861
46353,10256,91939,1344010,5599,21141,10,19,11336,76,484.88,4.84,489.72,56.70,3033.16,300.62,40.53,143.73,3094.70,2450852
48119,5725,43902,1264467,2632,13997,2,22,26005,15,251.85,0.00,251.85,34.71,282.00,224.14,26.87,0.84,316.71,2450852
29667,16117,79349,1122281,446,5764,4,19,40184,5,102.05,5.10,107.15,33.69,56.05,24.49,9.30,68.26,94.84,2450852
42740,12710,63777,792280,5936,37592,2,14,66127,16,480.80,0.00,480.80,46.06,163.68,399.06,22.88,58.86,209.74,2450852
57300,17306,47894,1122415,5482,34196,4,17,75302,40,2082.40,83.29,2165.69,69.70,706.40,770.48,524.76,787.16,859.39,2450852
53113,4765,12327,1126670,5011,8952,1,19,83242,13,601.38,0.00,601.38,11.72,564.59,553.26,39.93,8.19,576.31,2450852
42914,14929,74280,1171259,1841,14023,4,20,99796,82,3008.58,120.34,3128.92,99.60,881.50,1534.37,176.90,1297.31,1101.44,2450852
52370,4444,23846,1003590,5466,2095,7,5,99876,32,373.76,18.68,392.44,24.04,294.08,142.02,229.42,2.32,336.80,2450852
51955,5539,22948,554850,53,16056,10,30,119035,65,121.55,9.72,131.27,24.24,547.30,59.55,50.22,11.78,581.26,2450852
34004,4375,73954,1200482,2939,4596,1,5,148352,16,1224.48,97.95,1322.43,2.13,858.88,697.95,468.61,57.92,958.96,2450852
52525,13813,60486,285853,2778,15703,8,5,154726,11,859.76,42.98,902.74,95.76,71.61,627.62,34.82,197.32,210.35,2450852
48134,15176,97817,755636,1008,2827,4,26,168427,15,149.40,1.49,150.89,75.02,355.80,41.83,38.72,68.85,432.31,2450852
,15224,4619,1833104,,31743,8,,174001,,65.12,,,38.92,22.36,20.83,,,66.48,2450852
55492,16864,91025,798283,4367,16451,8,14,190411,16,136.64,0.00,136.64,76.63,204.96,36.89,35.91,63.84,281.59,2450852
60909,15338,76452,927812,4539,22419,10,26,197289,18,589.86,47.18,637.04,4.35,382.32,401.10,166.10,22.66,433.85,2450852
46583,12853,37439,1909640,5841,34089,2,6,199408,9,376.47,26.35,402.82,29.90,11.70,361.41,13.55,1.51,67.95,2450852
48759,5494,41249,1358348,5398,27648,1,1,213700,35,922.95,64.60,987.55,16.76,153.65,858.34,60.08,4.53,235.01,2450852
51323,10645,19306,357613,4367,18274,2,25,238255,57,210.33,6.30,216.63,84.27,405.84,111.47,45.47,53.39,496.41,2450852
47663,1394,77000,1825975,6702,34629,4,15,5194,22,143.66,8.61,152.27,12.91,469.26,130.73,3.74,9.19,490.78,2450859
54909,739,13305,1262512,4519,42926,10,3,19854,34,357.00,32.13,389.13,81.93,136.00,339.15,8.56,9.29,250.06,2450859
57272,9620,68665,1677140,3241,40189,2,11,25500,52,5988.32,359.29,6347.61,4.14,3505.32,2515.09,1146.16,2327.07,3868.75,2450859
40951,3904,50472,908008,6508,16608,7,30,52617,3,149.16,0.00,149.16,98.84,159.12,25.35,14.85,108.96,257.96,2450859
55398,8512,59803,1306367,1526,11485,8,26,70706,64,1479.04,88.74,1567.78,20.21,2195.20,1212.81,146.42,119.81,2304.15,2450859
33314,3152,176,220211,1890,27922,2,33,73133,19,264.48,21.15,285.63,26.23,204.25,206.29,14.54,43.65,251.63,2450859
55863,15392,88942,1554603,1234,25865,1,19,73711,65,562.25,50.60,612.85,15.66,383.50,5.62,217.08,339.55,449.76,2450859
60361,17612,47703,,,,10,,77679,,,,,74.57,,,,,,2450859
60677,16123,94586,81177,482,28987,2,7,88801,56,2171.12,43.42,2214.54,49.49,2125.20,694.75,605.31,871.06,2218.11,2450859
43499,16411,80186,842066,2317,34121,7,26,101233,51,96.90,0.00,96.90,41.39,220.32,16.47,64.34,16.09,261.71,2450859
52137,4252,7218,1133446,2074,36702,10,33,108766,59,4058.02,0.00,4058.02,53.41,57.82,1379.72,883.83,1794.47,111.23,2450859
49878,8068,66766,232772,25,26831,4,28,144193,13,47.84,2.87,50.71,24.03,6.63,6.69,2.05,39.10,33.53,2450859
42085,5980,51688,1214705,1538,5571,7,22,203130,97,972.91,87.56,1060.47,95.93,213.40,87.56,97.38,787.97,396.89,2450859
46730,9692,36430,1135294,5628,3609,1,19,211882,18,569.52,34.17,603.69,86.98,537.84,461.31,20.55,87.66,658.99,2450859
39592,8828,23783,1362667,5620,7020,1,11,223776,23,546.94,43.75,590.69,67.69,209.30,355.51,176.11,15.32,320.74,2450859
43980,11965,21421,144470,740,43010,2,32,228971,64,2426.24,218.36,2644.60,13.79,186.24,1358.69,330.94,736.61,418.39,2450859
45204,17350,58663,295031,1986,31741,7,1,230332,52,9569.04,0.00,9569.04,7.12,386.36,5454.35,2345.37,1769.32,393.48,2450859
55312,11749,15809,395173,5544,16762,2,11,12662,12,1004.28,30.12,1034.40,46.68,330.48,682.91,247.45,73.92,407.28,2450851
33222,5104,97601,450504,3713,39322,1,5,30406,42,939.54,37.58,977.12,21.48,299.46,234.88,63.41,641.25,358.52,2450851
28853,11972,47746,829211,1132,41406,4,8,36745,44,1408.00,28.16,1436.16,18.02,424.16,1309.44,87.71,10.85,470.34,2450851
32872,13939,43228,1582191,5601,46564,4,10,61562,76,719.72,35.98,755.70,24.09,547.20,71.97,582.97,64.78,607.27,2450851
57399,7522,31992,1054536,4369,41402,2,15,63745,50,1743.00,104.58,1847.58,13.06,1116.50,1063.23,421.45,258.32,1234.14,2450851
57203,16850,67687,969609,1098,15740,7,6,87664,92,531.76,0.00,531.76,1.14,797.64,510.48,10.85,10.43,798.78,2450851
37762,13675,89782,1183862,581,29300,4,8,112336,44,2476.76,49.53,2526.29,64.33,1080.64,1634.66,25.26,816.84,1194.50,2450851
40232,337,15597,1713329,1365,4954,1,2,118823,48,5248.80,314.92,5563.72,90.19,1437.12,997.27,1870.67,2380.86,1842.23,2450851
44804,11426,42176,357836,4249,27509,2,32,127406,61,4911.11,147.33,5058.44,75.21,1242.57,3486.88,697.87,726.36,1465.11,2450851
31470,157,45511,713236,4106,34529,1,34,138757,25,1101.25,77.08,1178.33,66.57,56.75,869.98,228.95,2.32,200.40,2450851
41382,4375,25919,200089,3143,35844,7,4,148358,6,141.60,9.91,151.51,3.45,339.84,53.80,34.24,53.56,353.20,2450851
58806,12872,31208,907247,3820,13993,10,31,159949,38,1571.30,141.41,1712.71,26.00,1432.60,1178.47,302.47,90.36,1600.01,2450851
52974,13796,18236,1195828,3572,3669,10,28,174643,14,99.96,7.99,107.95,32.00,400.12,17.99,1.63,80.34,440.11,2450851
37531,5296,88915,419154,5393,16879,7,2,212320,40,914.40,18.28,932.68,27.65,1789.20,82.29,465.98,366.13,1835.13,2450851
36734,1504,24607,97222,6304,41386,7,2,230273,36,2188.08,175.04,2363.12,75.49,1020.96,984.63,1095.13,108.32,1271.49,2450851
36477,10196,57907,1347781,4139,11297,7,5,233070,6,36.36,0.00,36.36,25.37,69.90,23.27,10.07,3.02,95.27,2450851
59013,11086,39926,1198380,241,29749,10,13,234676,31,402.07,16.08,418.15,18.74,1155.68,148.76,15.19,238.12,1190.50,2450851
35078,16364,14219,1389400,1828,38256,7,2,7374,50,178.00,7.12,185.12,52.14,79.00,90.78,34.01,53.21,138.26,2450854
36723,12811,48855,90233,688,27990,1,5,54160,3,86.49,7.78,94.27,96.18,16.56,19.89,1.99,64.61,120.52,2450854
54091,11731,13387,1707690,235,5627,2,22,73350,1,44.26,0.88,45.14,61.53,25.45,42.93,0.42,0.91,87.86,2450854
52171,9194,94057,85769,234,14746,4,13,84837,67,513.89,10.27,524.16,48.78,261.30,457.36,28.26,28.27,320.35,2450854
31345,4550,52811,901905,6986,18914,7,33,101554,2,21.64,1.29,22.93,15.93,16.38,5.19,5.59,10.86,33.60,2450854
43001,967,79476,824663,4676,36736,1,9,105504,18,1114.20,100.27,1214.47,45.33,364.68,300.83,187.07,626.30,510.28,2450854
30961,11581,23752,235533,6440,2900,7,30,111089,1,1.81,0.14,1.95,25.90,16.91,0.43,0.13,1.25,42.95,2450854
43129,14065,62168,104706,2107,9155,7,14,120949,57,892.05,53.52,945.57,0.67,296.97,62.44,116.14,713.47,351.16,2450854
55073,1021,24034,1669625,5029,22786,1,5,124765,21,1332.24,66.61,1398.85,95.01,20.37,865.95,359.04,107.25,181.99,2450854
44780,17722,45734,187910,3634,25405,8,33,132446,7,23.24,0.92,24.16,62.33,11.48,6.04,7.74,9.46,74.73,2450854
30762,1543,77887,645423,1987,44504,1,25,163950,6,41.94,1.25,43.19,71.72,38.94,21.80,18.12,2.02,111.91,2450854
30842,3604,56899,272418,1434,23603,4,30,173211,50,1432.00,0.00,1432.00,3.55,1209.50,902.16,217.23,312.61,1213.05,2450854
57590,9625,76152,1311597,5303,31362,10,7,190470,9,503.82,5.03,508.85,86.13,85.68,297.25,107.41,99.16,176.84,2450854
35061,12211,30115,787272,699,18926,8,30,203710,87,3120.69,0.00,3120.69,79.50,2585.64,499.31,445.63,2175.75,2665.14,2450854
35558,14620,35053,1515603,2107,16211,4,34,216534,4,65.28,2.61,67.89,65.19,59.84,40.47,16.62,8.19,127.64,2450854
60063,17125,51071,1802038,1484,44577,4,26,223758,65,1042.60,41.70,1084.30,64.26,76.70,771.52,224.99,46.09,182.66,2450854
33381,12328,79310,718697,6460,976,4,7,227006,57,4422.63,132.67,4555.30,87.14,49.59,3582.33,386.53,453.77,269.40,2450854
38378,17647,76240,156205,5323,3688,2,31,25410,16,1169.76,93.58,1263.34,20.65,165.28,970.90,51.70,147.16,279.51,2450860
54932,4726,16624,462877,2163,23496,10,3,41367,20,2532.60,0.00,2532.60,9.04,1350.60,1139.67,598.95,793.98,1359.64,2450860
39559,470,81107,1554505,5522,17339,7,10,48930,61,3144.55,0.00,3144.55,52.14,647.21,660.35,2235.78,248.42,699.35,2450860
31996,11012,2489,919455,1634,24213,1,4,51305,70,373.80,3.73,377.53,49.34,1309.70,343.89,12.56,17.35,1362.77,2450860
38261,14896,8515,1025771,274,9577,7,13,81599,41,314.06,15.70,329.76,82.36,190.65,314.06,0.00,0.00,288.71,2450860
60443,15013,3934,1737336,4155,29374,2,20,85063,90,952.20,0.00,952.20,44.09,1728.00,809.37,82.84,59.99,1772.09,2450860
36245,3604,61195,398362,3976,35190,1,1,89790,12,400.92,12.02,412.94,55.60,148.20,268.61,58.21,74.10,215.82,2450860
58895,1340,6712,1088791,2070,22502,1,18,91441,38,35.34,0.70,36.04,93.33,531.62,23.32,5.28,6.74,625.65,2450860
37614,3028,61171,484610,4781,11352,1,4,100170,6,164.34,1.64,165.98,26.52,183.12,154.47,9.08,0.79,211.28,2450860
42597,16603,33653,1708292,84,22676,4,32,108740,9,993.33,89.39,1082.72,61.12,259.56,536.39,77.67,379.27,410.07,2450860
49923,13514,24294,1840150,3206,47462,10,9,129597,1,78.45,0.78,79.23,74.89,33.95,37.65,5.30,35.50,109.62,2450860
57489,11131,56565,1149005,5948,14444,4,8,132347,7,992.53,79.40,1071.93,31.51,131.53,982.60,5.95,3.98,242.44,2450860
45245,2596,68257,912879,7098,31270,8,3,134174,73,6599.20,593.92,7193.12,22.19,2270.30,5279.36,646.72,673.12,2886.41,2450860
41601,11168,13546,1098202,1639,31523,7,4,144888,8,133.12,7.98,141.10,9.84,399.52,22.63,89.49,21.00,417.34,2450860
54838,4858,22774,437732,4539,22946,4,32,187482,27,1152.09,34.56,1186.65,11.29,614.52,126.72,20.50,1004.87,660.37,2450860
43548,15124,80710,1328565,4304,27596,4,17,202621,1,0.67,0.04,0.71,73.35,1.01,0.27,0.36,0.04,74.40,2450860
38146,14743,35053,1855177,5193,33562,2,24,216534,26,244.92,12.24,257.16,83.91,0.00,244.92,0.00,0.00,96.15,2450860
53309,11744,7299,2761,4055,196,2,6,632,6,179.58,0.00,179.58,46.20,89.76,41.30,123.06,15.22,135.96,2450850
36759,8971,85032,184426,6903,14933,8,25,15739,19,734.92,66.14,801.06,33.17,489.82,352.76,301.90,80.26,589.13,2450850
44354,812,15322,1251778,1137,27343,8,33,45862,10,350.80,17.54,368.34,55.74,42.50,14.03,53.88,282.89,115.78,2450850
46330,17893,99231,1361784,784,46937,1,7,53793,56,9233.84,554.03,9787.87,64.17,0.00,277.01,1701.79,7255.04,618.20,2450850
52755,16936,1508,229238,1102,8213,4,23,60059,17,484.84,0.00,484.84,7.43,7.65,353.93,30.10,100.81,15.08,2450850
29457,265,47703,281496,3361,1179,10,24,77679,33,759.99,37.99,797.98,18.81,26.40,182.39,404.32,173.28,83.20,2450850
31748,14,30116,251846,5596,25699,8,27,93509,52,4228.64,169.14,4397.78,81.57,1436.24,1733.74,49.89,2445.01,1686.95,2450850
51951,12415,67643,886034,259,26531,10,11,93878,21,693.21,41.59,734.80,73.20,0.00,166.37,500.49,26.35,114.79,2450850
48838,3703,22899,1719505,4737,23569,4,18,98801,2,11.34,0.11,11.45,0.50,9.28,2.26,1.54,7.54,9.89,2450850
50548,6175,49406,1443619,4267,22515,2,24,139113,58,5265.82,368.60,5634.42,69.25,1346.76,2632.91,974.17,1658.74,1784.61,2450850
30862,1429,40515,364695,2475,47855,4,35,159595,49,29.40,0.29,29.69,76.84,1064.28,16.17,13.09,0.14,1141.41,2450850
51693,17294,46648,1805180,6912,19444,7,8,168152,38,1065.14,74.55,1139.69,47.74,1761.30,287.58,723.13,54.43,1883.59,2450850
32265,11402,7800,238502,3123,25344,8,21,169696,14,118.44,8.29,126.73,65.70,28.14,117.25,0.17,1.02,102.13,2450850
28889,12734,58454,392144,6909,36474,7,17,181551,16,1614.88,145.33,1760.21,32.14,538.24,742.84,723.79,148.25,715.71,2450850
41320,15523,67818,1789820,5245,8670,4,20,185797,19,68.59,2.74,71.33,24.11,274.36,1.37,49.07,18.15,301.21,2450850
46485,1252,69377,561857,4422,2234,4,11,209148,17,1542.07,46.26,1588.33,16.99,74.46,555.14,187.51,799.42,137.71,2450850
44458,9182,57598,146392,3525,11905,2,11,226233,25,1339.50,66.97,1406.47,18.96,407.50,1232.34,53.58,53.58,493.43,2450850
28830,5598,11241,1672644,5856,48315,1,29,40372,17,908.82,27.26,936.08,44.86,50.49,817.93,51.80,39.09,122.61,2452815
45909,17269,4332,767060,3798,45736,10,32,42264,22,2596.66,155.79,2752.45,75.36,270.38,1791.69,370.28,434.69,501.53,2452815
48795,1429,7836,754621,2879,39137,1,13,51120,6,267.48,0.00,267.48,47.10,126.54,104.31,110.95,52.22,173.64,2452815
37989,14523,90391,330915,7075,1235,8,30,54147,61,9004.82,450.24,9455.06,92.64,1113.86,1800.96,1656.88,5546.98,1656.74,2452815
50558,219,7289,833185,110,7882,10,31,56000,33,1490.28,59.61,1549.89,46.39,860.64,1132.61,332.63,25.04,966.64,2452815
46366,5677,64468,237222,1356,41490,1,16,66462,19,1649.77,32.99,1682.76,88.08,443.08,445.43,867.12,337.22,564.15,2452815
33823,4350,51848,1275568,1889,3010,1,12,68129,23,1706.60,102.39,1808.99,46.42,48.76,1058.09,499.35,149.16,197.57,2452815
58825,11430,13798,1473622,563,42304,7,23,85456,1,5.13,0.00,5.13,16.06,38.50,2.61,0.57,1.95,54.56,2452815
55931,13239,41,769513,2718,39570,4,27,91566,15,122.40,8.56,130.96,71.26,235.20,59.97,59.30,3.13,315.02,2452815
33791,2085,70837,685477,5556,33682,1,32,112452,27,872.64,0.00,872.64,60.93,31.86,87.26,494.78,290.60,92.79,2452815
30528,17277,17481,884898,5050,47649,8,13,128043,27,895.32,26.85,922.17,5.55,111.78,53.71,740.61,101.00,144.18,2452815
41111,15300,84397,3826,3940,12807,4,18,129545,36,2082.60,62.47,2145.07,12.54,2001.24,1353.69,393.61,335.30,2076.25,2452815
38590,7242,54653,1674301,2396,25244,8,4,130550,2,84.70,0.00,84.70,47.90,8.34,79.61,0.96,4.13,56.24,2452815
34042,17544,88787,1026552,7065,46778,7,1,143806,23,20.93,1.88,22.81,24.97,91.54,8.58,6.42,5.93,118.39,2452815
42605,3774,60150,51862,2181,3653,7,1,216889,8,222.32,11.11,233.43,71.23,61.28,182.30,28.81,11.21,143.62,2452815
35063,6369,2437,117603,3969,35535,8,12,236598,23,531.30,42.50,573.80,14.00,708.40,244.39,166.40,120.51,764.90,2452815
47180,5143,87112,1628897,4982,8667,4,19,5198,12,109.08,2.18,111.26,9.39,891.60,39.26,18.15,51.67,903.17,2452811
50964,5601,52125,1740427,2682,22184,4,21,11792,22,1996.28,39.92,2036.20,29.94,21.34,778.54,962.01,255.73,91.20,2452811
33123,1867,99044,1477292,4272,10052,10,12,42281,73,2972.56,267.53,3240.09,3.52,1393.57,237.80,2652.71,82.05,1664.62,2452811
59874,6519,33989,1883789,2389,31036,10,1,47105,2,195.04,15.60,210.64,55.17,26.72,120.92,51.14,22.98,97.49,2452811
50874,3651,22429,1626388,1547,26306,4,9,89580,31,1471.57,103.00,1574.57,97.32,0.00,191.30,1024.21,256.06,200.32,2452811
32590,17641,2412,605146,258,32123,4,22,122940,4,31.28,0.00,31.28,68.69,48.92,30.02,1.09,0.17,117.61,2452811
43495,15709,87300,3754,3738,15769,10,34,128159,38,338.58,3.38,341.96,90.15,1204.60,314.87,14.70,9.01,1298.13,2452811
39565,4482,71999,1525655,3543,12584,10,15,130868,12,465.96,41.93,507.89,13.22,225.24,433.34,11.09,21.53,280.39,2452811
44022,12319,74332,1883881,5958,35988,1,5,138120,28,46.48,2.32,48.80,16.90,99.12,0.46,5.06,40.96,118.34,2452811
56046,5419,8001,1753585,3741,19897,7,7,139179,12,123.24,0.00,123.24,85.50,32.28,83.80,35.10,4.34,117.78,2452811
39538,8065,75678,664246,6061,23029,4,22,150626,61,1592.71,15.92,1608.63,25.46,915.00,414.10,306.43,872.18,956.38,2452811
58771,685,5776,1103175,953,19931,4,17,166567,39,1704.69,17.04,1721.73,59.10,1010.10,545.50,741.88,417.31,1086.24,2452811
51597,11749,21513,1785582,2822,7662,2,7,166925,13,1522.95,121.83,1644.78,95.22,222.04,1355.42,140.72,26.81,439.09,2452811
42996,17245,19270,317243,5704,30565,7,10,215828,46,3.22,0.28,3.50,21.22,96.60,1.22,0.48,1.52,118.10,2452811
32798,4632,75416,1563522,2937,25905,4,16,216291,17,1866.94,37.33,1904.27,0.87,40.12,1250.84,184.83,431.27,78.32,2452811
43507,852,78332,1569900,217,12581,8,19,220015,23,215.97,0.00,215.97,91.92,176.64,157.65,22.16,36.16,268.56,2452811
50384,4501,76854,160780,3226,48472,2,11,227130,11,1983.52,158.68,2142.20,87.41,268.51,1586.81,380.84,15.87,514.60,2452811
41709,6674,98787,1514277,967,31610,10,5,24967,21,2974.44,178.46,3152.90,42.70,566.37,1873.89,363.18,737.37,787.53,2450884
58051,16772,91253,492963,6593,31823,8,13,33873,9,513.09,20.52,533.61,6.51,392.94,277.06,165.22,70.81,419.97,2450884
33912,6574,7299,1228726,5928,33483,2,8,46892,25,1340.00,40.20,1380.20,54.90,96.75,1313.20,8.57,18.23,191.85,2450884
30597,1669,11675,210635,3349,1263,8,6,75622,3,142.71,7.13,149.84,99.46,83.58,45.66,58.23,38.82,190.17,2450884
36825,3470,78412,804813,1779,15992,2,1,128138,11,131.01,0.00,131.01,46.89,67.87,79.91,41.90,9.20,114.76,2450884
29990,1324,14791,1069393,3391,47389,7,8,133159,50,4418.50,265.11,4683.61,24.19,2708.00,2341.80,436.10,1640.60,2997.30,2450884
36397,9769,81938,1707711,5563,27368,2,5,136061,2,111.06,8.88,119.94,85.00,76.08,55.53,37.20,18.33,169.96,2450884
40402,12242,59420,1583251,2177,29856,10,1,153855,31,198.71,15.89,214.60,96.63,2334.92,59.61,62.59,76.51,2447.44,2450884
41854,7478,91707,155477,4847,4617,7,5,175160,20,242.00,7.26,249.26,73.64,113.60,205.70,7.98,28.32,194.50,2450884
54186,17672,54432,237570,5916,44309,7,28,195937,5,160.50,1.60,162.10,6.43,46.40,48.15,98.86,13.49,54.43,2450884
51237,6253,75447,745843,588,22933,10,23,202511,56,361.20,0.00,361.20,82.77,722.40,86.68,24.70,249.82,805.17,2450884
58196,6034,64980,608867,6527,44234,1,31,207686,43,1162.29,0.00,1162.29,39.09,1860.18,464.91,627.64,69.74,1899.27,2450884
55372,10741,90228,1559591,1115,40592,10,28,209696,28,1101.24,55.06,1156.30,91.79,597.24,847.95,169.70,83.59,744.09,2450884
37085,1930,21481,117315,3466,29664,7,8,216747,1,0.93,0.05,0.98,36.71,1.99,0.88,0.00,0.05,38.75,2450884
59080,8299,25454,1150450,2594,10738,10,28,220691,29,1972.00,138.04,2110.04,24.65,116.00,1972.00,0.00,0.00,278.69,2450884
56231,5264,37038,909849,4211,14926,2,13,238488,5,437.60,35.00,472.60,98.87,203.35,126.90,43.49,267.21,337.22,2450884
29475,4213,23679,148086,813,42740,4,7,48940,34,2690.42,80.71,2771.13,80.60,750.72,107.61,852.32,1730.49,912.03,2450846
55945,11788,47016,732112,729,8146,7,28,52383,2,16.62,1.32,17.94,88.07,0.00,13.96,0.23,2.43,89.39,2450846
33284,13069,70260,428852,338,22224,7,3,70488,41,601.47,6.01,607.48,24.33,1270.18,30.07,342.84,228.56,1300.52,2450846
31323,12230,61563,1599903,4126,21502,8,11,79689,92,17.48,0.17,17.65,81.02,33.12,2.97,6.09,8.42,114.31,2450846
46070,6076,15762,1188359,4378,27597,7,10,101164,13,1233.31,36.99,1270.30,75.51,379.47,184.99,576.57,471.75,491.97,2450846
36053,13328,69027,1555763,4546,16082,1,26,106594,16,42.72,2.56,45.28,81.72,7.68,20.07,12.91,9.74,91.96,2450846
45564,3895,1340,281682,952,7069,8,31,107088,22,736.12,22.08,758.20,89.77,163.46,655.14,12.14,68.84,275.31,2450846
59412,17731,36083,895164,7081,5798,7,5,131543,35,1097.95,76.85,1174.80,26.31,373.80,428.20,234.41,435.34,476.96,2450846
42825,5557,29806,1335926,6593,17260,1,19,163008,5,18.10,0.00,18.10,33.88,45.25,17.55,0.19,0.36,79.13,2450846
40345,15278,50635,1705282,2772,44262,2,17,166521,7,577.50,5.77,583.27,38.57,133.91,271.42,79.58,226.50,178.25,2450846
47395,11924,58351,1118114,277,39640,8,29,186682,35,2360.05,188.80,2548.85,46.14,1018.85,1014.82,1210.70,134.53,1253.79,2450846
36112,1376,80514,1143150,6535,17167,8,29,201922,55,947.10,28.41,975.51,54.67,501.05,265.18,429.60,252.32,584.13,2450846
34544,5500,54871,296643,5105,31120,10,27,213279,32,5088.32,254.41,5342.73,99.69,2352.64,559.71,1132.15,3396.46,2706.74,2450846
31424,13496,54395,1421924,1363,37602,1,13,219344,19,735.49,7.35,742.84,39.23,135.09,433.93,72.37,229.19,181.67,2450846
45955,7729,18387,1254683,5064,9398,8,10,227167,67,1400.30,14.00,1414.30,80.85,1102.15,602.12,470.92,327.26,1197.00,2450846
32710,9880,57158,1723540,7169,32398,7,4,25410,3,24.12,1.44,25.56,24.81,63.81,5.06,4.95,14.11,90.06,2450844
54687,3364,2281,806377,1687,10150,7,33,37481,44,3172.84,190.37,3363.21,33.94,901.56,2094.07,97.08,981.69,1125.87,2450844
45681,5761,26265,1522451,59,20467,8,10,43079,22,2534.62,76.03,2610.65,75.21,278.74,2306.50,20.53,207.59,429.98,2450844
40170,685,1712,1091675,4852,21276,8,32,44105,15,159.90,14.39,174.29,19.91,426.45,23.98,70.67,65.25,460.75,2450844
37722,6290,73376,134734,3540,2746,2,3,73676,24,2582.88,77.48,2660.36,97.69,131.76,2272.93,9.29,300.66,306.93,2450844
34460,6842,90016,563089,5114,43586,8,3,113560,11,14.74,0.44,15.18,60.03,170.17,9.87,2.43,2.44,230.64,2450844
43719,17689,32961,351607,2253,11252,7,19,133859,15,255.00,0.00,255.00,7.05,51.45,124.95,45.51,84.54,58.50,2450844
42748,7226,77588,1676032,4076,12520,8,20,135188,22,1594.56,31.89,1626.45,64.35,732.16,813.22,695.39,85.95,828.40,2450844
40319,13972,98874,1134625,6784,44543,10,1,135188,43,1374.71,68.73,1443.44,48.42,2245.46,1292.22,63.51,18.98,2362.61,2450844
43738,6730,71362,170117,1539,39361,8,30,149153,7,605.92,48.47,654.39,30.40,76.65,502.91,54.59,48.42,155.52,2450844
46884,13549,81279,101512,4418,22924,10,31,156812,52,2125.76,85.03,2210.79,44.74,382.20,63.77,618.59,1443.40,511.97,2450844
61052,10468,33715,,,,,23,158851,52,1334.32,,1401.03,4.37,1264.12,,806.59,434.33,,2450844
55743,6115,60473,283868,4856,12291,8,24,171050,11,636.02,6.36,642.38,5.94,299.86,438.85,100.55,96.62,312.16,2450844
46537,682,11765,1182446,5308,41723,2,25,213100,28,454.44,36.35,490.79,14.08,867.72,440.80,12.68,0.96,918.15,2450844
37712,9508,55793,823165,1674,24983,2,16,232169,51,3439.95,275.19,3715.14,14.59,1222.98,1616.77,145.85,1677.33,1512.76,2450844
45230,2672,67757,490701,4398,13342,8,33,53620,17,165.07,6.60,171.67,5.13,35.36,51.17,75.17,38.73,47.09,2450857
33917,12632,69605,1675963,6321,26679,7,2,71747,82,3330.84,266.46,3597.30,76.04,574.00,699.47,2447.17,184.20,916.50,2450857
48822,3853,47955,372628,5654,14727,2,16,101059,29,186.18,9.30,195.48,32.77,37.12,27.92,151.92,6.34,79.19,2450857
60538,12176,13534,1116457,7029,29201,7,33,103738,50,948.00,28.44,976.44,71.52,1406.00,843.72,92.80,11.48,1505.96,2450857
49524,4132,94306,501164,2941,45871,7,23,107969,8,748.72,0.00,748.72,99.11,167.20,232.10,196.31,320.31,266.31,2450857
36961,2138,15686,1718721,4332,49143,4,23,139036,2,39.48,1.18,40.66,58.54,77.38,34.74,1.70,3.04,137.10,2450857
43036,17581,21381,622545,3781,6664,8,35,155622,22,288.64,2.88,291.52,8.15,127.82,57.72,103.91,127.01,138.85,2450857
34911,3145,87970,1773898,3486,33027,1,16,165545,1,6.43,0.51,6.94,39.09,15.78,0.77,4.81,0.85,55.38,2450857
54962,10226,50688,1857207,1037,11314,10,34,177445,81,3564.81,71.29,3636.10,91.29,1377.81,71.29,174.67,3318.85,1540.39,2450857
41744,9019,46543,1515202,3736,41517,2,12,184001,44,661.76,6.61,668.37,66.65,320.76,549.26,65.25,47.25,394.02,2450857
49828,3679,19204,1072925,6713,45348,7,24,194652,65,1288.30,51.53,1339.83,40.23,1229.80,360.72,166.96,760.62,1321.56,2450857
36508,16568,7693,1081679,5359,41486,4,30,203377,24,80.64,0.80,81.44,25.12,338.88,50.80,12.83,17.01,364.80,2450857
59817,104,31919,179670,1409,4748,2,34,231412,3,16.89,0.84,17.73,88.16,4.20,1.18,7.22,8.49,93.20,2450857
33747,14240,25631,10550,2790,24983,4,3,235386,3,64.95,5.84,70.79,42.39,168.15,6.49,41.50,16.96,216.38,2450857
56004,6721,50120,1019604,1991,11131,2,18,7852,51,5058.18,354.07,5412.25,44.70,1896.69,3136.07,1460.80,461.31,2295.46,2450855
41335,4456,93573,281865,4400,20582,8,34,9950,26,473.46,4.73,478.19,86.01,1364.74,99.42,112.21,261.83,1455.48,2450855
55187,3704,2920,91444,6026,208,8,34,30104,85,3649.05,182.45,3831.50,63.80,1081.20,255.43,3223.93,169.69,1327.45,2450855
52998,1286,70931,97089,5577,24818,8,15,38919,6,12.36,0.24,12.60,48.29,145.26,2.34,1.60,8.42,193.79,2450855
35859,12460,50874,1324527,3481,11682,4,32,95368,61,494.71,19.78,514.49,6.70,1903.81,163.25,288.37,43.09,1930.29,2450855
28941,8168,95709,1805389,4128,26067,4,17,130465,7,139.16,8.34,147.50,73.47,26.60,136.37,1.61,1.18,108.41,2450855
35168,16394,77713,65600,3887,28574,10,35,131714,1,43.16,0.86,44.02,47.03,17.86,6.47,26.78,9.91,65.75,2450855
52755,17996,61032,757269,7112,23355,1,34,153633,51,114.24,2.28,116.52,75.43,163.20,105.10,1.55,7.59,240.91,2450855
49358,14584,593,1781479,6293,31860,2,11,162590,82,789.66,0.00,789.66,46.63,1397.28,331.65,430.52,27.49,1443.91,2450855
35771,9673,32007,1581111,2638,45365,8,7,174103,7,103.25,6.19,109.44,90.29,82.25,96.02,6.07,1.16,178.73,2450855
56542,1370,315,816644,6337,30383,1,27,216463,1,59.28,5.33,64.61,78.72,40.75,30.82,21.34,7.12,124.80,2450855
39544,14810,20491,1686368,5845,20169,2,8,226698,19,63.65,0.00,63.65,37.32,21.09,32.46,18.71,12.48,58.41,2450855
32756,3170,77622,1417285,2548,4211,10,12,232228,39,2384.46,0.00,2384.46,49.64,476.58,786.87,207.68,1389.91,526.22,2450855
39899,11398,51946,199647,1395,28743,1,29,234542,35,3534.65,176.73,3711.38,59.62,493.15,2191.48,1128.26,214.91,729.50,2450855
54213,17887,72127,69981,282,18536,4,1,20614,12,502.56,45.23,547.79,60.62,267.00,50.25,275.90,176.41,372.85,2452814
33702,7299,60098,512598,7016,25034,2,10,51527,28,494.48,14.83,509.31,72.73,327.32,217.57,276.91,0.00,414.88,2452814
57997,8383,64194,1687271,849,5274,8,17,60174,21,407.19,8.14,415.33,99.94,22.47,81.43,319.24,6.52,130.55,2452814
38141,5271,22573,1811435,5576,9717,2,24,67568,3,45.12,1.80,46.92,35.91,15.78,12.18,30.63,2.31,53.49,2452814
51607,5109,48481,1214102,6693,35637,4,12,81999,39,3580.59,143.22,3723.81,47.82,895.05,3007.69,280.72,292.18,1086.09,2452814
50558,5934,21320,24860,1234,14408,7,1,86403,6,28.02,0.00,28.02,86.16,112.14,22.41,4.71,0.90,198.30,2452814
40853,10935,86410,322417,6797,49977,1,7,86538,17,143.31,5.73,149.04,10.78,103.70,108.91,13.07,21.33,120.21,2452814
54062,7039,73368,886601,55,3109,1,32,89702,31,363.32,18.16,381.48,51.22,445.16,232.52,62.78,68.02,514.54,2452814
59444,4740,58709,1576173,3870,48814,7,27,117171,25,8.00,0.08,8.08,85.66,141.75,0.40,4.25,3.35,227.49,2452814
28899,9660,65052,1205210,4943,39829,4,8,148859,80,171.20,15.40,186.60,85.42,92.00,53.07,11.81,106.32,192.82,2452814
54202,13278,83363,1275174,3708,21042,10,20,175704,62,1579.76,78.98,1658.74,31.03,58.28,1563.96,2.52,13.28,168.29,2452814
49145,9979,45074,38941,3561,23381,2,8,216889,23,834.44,33.37,867.81,39.15,333.73,392.18,141.52,300.74,406.25,2452814
55319,10687,93177,101034,4308,33935,1,26,226367,41,5685.06,227.40,5912.46,69.63,2030.32,3865.84,1764.64,54.58,2327.35,2452814
36119,11581,97390,20298,6,14114,8,18,235823,1,5.63,0.39,6.02,11.74,10.56,4.16,0.44,1.03,22.69,2452814
34644,2810,17855,1835000,1886,34725,8,20,4255,18,991.44,69.40,1060.84,94.38,803.88,138.80,673.58,179.06,967.66,2450853
40337,9208,7092,373540,6430,40520,10,15,13339,17,848.64,33.94,882.58,74.21,761.60,611.02,14.25,223.37,869.75,2450853
36977,11401,25329,217228,3327,23026,8,21,17099,14,1603.56,96.21,1699.77,13.55,392.70,994.20,444.83,164.53,502.46,2450853
34539,17020,12747,1046171,4748,48172,7,33,59244,1,29.65,0.59,30.24,25.15,18.16,26.98,1.41,1.26,43.90,2450853
38700,8968,60453,1624064,444,20824,2,31,70293,3,4.32,0.25,4.57,10.10,0.33,0.77,3.37,0.18,10.68,2450853
42942,17600,67848,1156430,1472,6161,8,22,76289,2,128.58,1.28,129.86,29.37,22.30,114.43,0.84,13.31,52.95,2450853
61118,3373,63914,1087211,2209,22807,4,11,88357,29,1947.93,19.47,1967.40,23.20,0.00,1090.84,771.38,85.71,42.67,2450853
43360,9313,91179,1231795,411,12180,10,20,96533,9,881.01,8.81,889.82,96.69,129.15,792.90,36.12,51.99,234.65,2450853
42274,12220,75410,1676157,3084,22811,1,12,133216,2,210.90,12.65,223.55,85.80,77.70,82.25,65.61,63.04,176.15,2450853
36430,4712,85249,196276,3091,44659,7,22,147220,26,174.72,1.74,176.46,36.16,407.68,87.36,43.68,43.68,445.58,2450853
30734,5672,39810,576374,6549,21124,10,2,176092,22,1618.98,16.18,1635.16,38.47,1208.24,1181.85,43.71,393.42,1262.89,2450853
49340,13753,51683,1692311,2986,6014,1,17,191405,6,265.56,18.58,284.14,1.98,5.16,201.82,60.55,3.19,25.72,2450853
54741,12002,64062,694535,655,3975,7,8,205179,61,5793.17,57.93,5851.10,11.61,1330.41,3012.44,611.76,2168.97,1399.95,2450853
34776,14686,33855,716621,5871,15168,10,25,229074,6,36.54,1.46,38.00,86.39,28.44,34.34,0.28,1.92,116.29,2450853
60620,10288,21695,1859930,5114,10251,4,22,1068,8,81.84,1.63,83.47,10.07,78.48,40.10,15.44,26.30,90.18,2450847
61015,15775,22449,999626,2850,22874,7,27,2633,8,245.20,22.06,267.26,91.50,35.84,51.49,52.30,141.41,149.40,2450847
45521,9704,83038,1443829,1773,44564,7,29,6676,22,1153.24,46.12,1199.36,58.31,698.50,657.34,168.60,327.30,802.93,2450847
33911,15394,72616,681322,6068,46061,8,35,7821,15,1401.00,126.09,1527.09,16.04,70.05,1232.88,55.47,112.65,212.18,2450847
35701,7558,14309,807777,2717,15257,7,14,30403,22,382.80,0.00,382.80,23.01,51.04,187.57,189.37,5.86,74.05,2450847
,11522,,,5723,,,11,107055,19,,32.50,1657.57,,,,283.25,58.02,,2450847
36521,8020,77534,887117,700,22683,7,19,116625,3,47.61,1.42,49.03,37.61,44.10,8.09,37.54,1.98,83.13,2450847
46158,14071,82649,450086,5381,37523,8,12,129459,92,6486.92,259.47,6746.39,52.30,1981.68,1232.51,1944.13,3310.28,2293.45,2450847
53070,9266,930,1448718,153,42741,7,19,138363,15,1518.75,91.12,1609.87,40.40,15.75,546.75,884.52,87.48,147.27,2450847
57947,10999,98948,965467,7114,12714,4,31,147037,84,3810.24,190.51,4000.75,21.13,1073.52,3010.08,288.05,512.11,1285.16,2450847
45905,15476,54675,548628,4836,41444,2,15,154051,23,129.95,9.09,139.04,14.62,25.30,120.85,8.28,0.82,49.01,2450847
47511,10432,71604,1713543,857,1818,8,28,169071,42,77.28,3.86,81.14,4.35,541.38,35.54,30.47,11.27,549.59,2450847
56059,52,37669,447026,711,17949,7,7,188341,88,256.96,5.13,262.09,62.01,836.00,15.41,2.41,239.14,903.14,2450847
31755,14827,95182,204948,268,48388,2,21,236655,16,2171.68,43.43,2215.11,18.47,703.36,912.10,617.19,642.39,765.26,2450847
45832,7502,33314,4734,1209,46884,1,19,36902,63,257.04,23.13,280.17,94.52,866.25,113.09,92.12,51.83,983.90,2450841
39111,14527,99936,1340754,5374,16794,4,6,39375,23,1171.39,0.00,1171.39,0.53,501.86,819.97,193.28,158.14,502.39,2450841
36981,5168,94029,699128,3571,36014,1,10,51979,16,889.12,80.02,969.14,84.40,723.68,631.27,23.20,234.65,888.10,2450841
39321,2188,66364,1168329,5324,3919,10,29,54890,62,543.12,27.15,570.27,68.80,104.16,152.07,35.19,355.86,200.11,2450841
,15175,,781201,,,,35,107455,,22.24,1.55,23.79,13.35,,,2.72,3.07,,2450841
43728,10156,20938,6622,5431,20287,10,35,147369,3,97.20,0.00,97.20,9.53,66.81,94.28,2.74,0.18,76.34,2450841
46637,9146,593,1214881,6246,47164,10,32,162590,42,2283.12,68.49,2351.61,61.09,968.52,205.48,1869.87,207.77,1098.10,2450841
56334,14428,35415,899305,6427,36749,10,26,169132,15,241.95,0.00,241.95,44.31,172.80,16.93,159.76,65.26,217.11,2450841
59148,6782,16170,368680,5190,4900,2,28,198578,6,1.86,0.07,1.93,71.61,9.48,0.89,0.31,0.66,81.16,2450841
47440,8792,86880,591339,5398,29104,8,17,201339,23,38.41,1.15,39.56,80.83,1774.68,33.41,1.55,3.45,1856.66,2450841
46228,2428,55111,198550,5989,41475,10,23,205053,28,250.04,2.50,252.54,39.28,625.52,210.03,32.40,7.61,667.30,2450841
50274,15448,34859,701591,2370,28702,8,33,220525,36,865.44,60.58,926.02,31.50,453.60,432.72,30.29,402.43,545.68,2450841
33902,14956,56598,860570,228,34333,8,9,221853,16,79.68,3.98,83.66,45.44,199.36,24.70,46.18,8.80,248.78,2450841
51227,4501,73005,1599978,1856,6981,4,12,224636,48,549.12,32.94,582.06,23.96,3296.64,258.08,128.05,162.99,3353.54,2450841
42340,14677,43057,582740,6775,22857,10,32,13168,18,263.88,10.55,274.43,61.04,32.94,23.74,213.72,26.42,104.53,2450838
59606,3448,37908,1599114,513,33559,2,,18127,2,,,1.21,,6.42,,0.26,0.35,10.50,2450838
47375,13600,9718,1704636,6536,44836,2,26,21815,1,45.00,2.70,47.70,61.77,5.19,5.85,7.04,32.11,69.66,2450838
52040,11455,46031,1701417,3,28989,4,26,28630,42,7.98,0.31,8.29,39.89,143.22,0.23,3.41,4.34,183.42,2450838
49372,15616,43777,1672298,4466,4587,2,16,30285,40,2181.20,152.68,2333.88,12.44,223.60,697.98,266.97,1216.25,388.72,2450838
29094,16582,28344,1522638,1991,32097,7,3,35088,28,455.84,0.00,455.84,38.04,1425.20,136.75,223.36,95.73,1463.24,2450838
48283,7990,60420,1517873,6845,33417,8,26,35864,6,97.68,0.97,98.65,29.24,24.72,69.35,9.63,18.70,54.93,2450838
50173,7402,91626,827947,2233,4919,10,24,48818,17,514.76,36.03,550.79,22.19,143.99,15.44,379.48,119.84,202.21,2450838
43475,15604,16520,72219,5352,28532,10,27,91484,70,4555.60,45.55,4601.15,67.69,770.70,1958.90,1947.52,649.18,883.94,2450838
42576,11104,45112,1895129,6901,35426,1,31,92589,33,1437.48,71.87,1509.35,60.20,22.11,1193.10,105.08,139.30,154.18,2450838
,13573,,,206,,,,113168,,5162.95,,5575.98,62.04,,258.14,,882.87,,2450838
54148,13000,75155,864299,5711,17923,7,9,156126,3,416.04,20.80,436.84,40.62,179.55,395.23,18.93,1.88,240.97,2450838
48652,3391,89950,141668,2458,5201,1,29,171968,27,824.85,24.74,849.59,18.34,702.00,305.19,509.26,10.40,745.08,2450838
33976,9964,42645,1876844,7043,40042,4,25,230273,29,1278.90,25.57,1304.47,37.54,232.29,1278.90,0.00,0.00,295.40,2450838
46801,11360,,1622763,5847,,2,28,3529,,468.56,,506.04,56.88,,351.42,91.36,25.78,119.48,2450892
46444,9134,60420,179530,2725,4320,4,23,35864,8,253.68,2.53,256.21,54.29,84.56,175.03,73.14,5.51,141.38,2450892
59394,1513,63338,253954,6914,27474,2,34,45218,47,563.06,50.67,613.73,48.04,312.55,461.70,60.81,40.55,411.26,2450892
60074,3355,66869,1888099,4678,14457,7,15,47494,5,26.30,1.57,27.87,36.72,24.30,17.09,4.05,5.16,62.59,2450892
45051,15668,68712,246082,194,5953,4,32,75046,13,790.92,7.90,798.82,52.69,790.92,268.91,318.42,203.59,851.51,2450892
47945,16042,87800,822225,5245,10218,2,21,82182,31,838.55,33.54,872.09,40.12,670.84,570.21,179.78,88.56,744.50,2450892
,7381,,57258,4469,,7,,123012,,,,,,178.97,,119.65,79.77,328.15,2450892
40356,14156,30482,143635,6038,8088,8,34,127398,37,59.20,5.32,64.52,40.20,72.52,23.68,8.88,26.64,118.04,2450892
48346,15026,72944,746200,406,33765,10,18,172465,87,441.96,39.77,481.73,45.79,782.13,22.09,327.49,92.38,867.69,2450892
41900,17581,86366,510816,6417,33265,7,29,184709,17,1403.18,14.03,1417.21,31.64,1074.74,1262.86,25.25,115.07,1120.41,2450892
33833,3680,61642,1520640,5429,29465,8,17,207259,68,3219.12,64.38,3283.50,71.65,3219.12,2478.72,710.78,29.62,3355.15,2450892
30762,11755,17703,1131735,4654,20773,8,23,221402,40,1165.60,58.28,1223.88,32.58,490.80,209.80,324.97,630.83,581.66,2450892
,10444,40859,,,,8,10,236000,,616.16,,,89.94,254.16,,322.62,,381.06,2450892
41125,6583,37038,123563,1512,37861,4,11,238488,2,0.00,0.00,0.00,43.24,145.88,0.00,0.00,0.00,189.12,2450892
47038,15862,74656,243822,2588,43754,2,33,6082,53,848.53,59.39,907.92,72.96,1163.35,118.79,540.00,189.74,1295.70,2450839
30469,14608,68130,100333,7009,30885,10,20,51933,65,2667.60,80.02,2747.62,26.72,1721.20,586.87,624.21,1456.52,1827.94,2450839
51907,8989,27241,1002539,5640,3941,10,18,52226,3,9.99,0.29,10.28,93.66,14.43,0.09,8.41,1.49,108.38,2450839
31518,9080,74195,1220755,1481,28607,10,31,59702,3,111.36,10.02,121.38,24.00,46.95,81.29,1.80,28.27,80.97,2450839
60288,8653,67009,917545,4521,49897,1,29,70753,76,1925.84,77.03,2002.87,40.80,358.72,154.06,1470.57,301.21,476.55,2450839
28919,6271,90833,999073,3055,47390,10,4,84460,25,115.25,4.61,119.86,88.19,16.00,14.98,76.20,24.07,108.80,2450839
45109,15692,56631,335106,539,46772,1,15,89119,38,5266.42,52.66,5319.08,40.31,1737.74,3949.81,592.47,724.14,1830.71,2450839
39574,9364,15410,249474,1138,30402,2,15,123969,5,13.75,0.27,14.02,87.59,45.45,12.78,0.37,0.60,133.31,2450839
55556,8702,71362,1792220,2731,14842,8,14,149153,14,77.70,3.10,80.80,87.47,217.56,61.38,1.79,14.53,308.13,2450839
36996,4898,30318,1359184,2267,16950,8,3,164452,78,705.90,7.05,712.95,16.01,329.16,458.83,59.29,187.78,352.22,2450839
52719,3302,97364,766207,6646,2285,7,23,214672,32,1385.92,13.85,1399.77,47.98,461.76,429.63,248.63,707.66,523.59,2450839
40680,7406,57665,1512203,1141,6879,1,5,216591,13,835.38,33.41,868.79,2.23,383.76,392.62,380.77,61.99,419.40,2450839
32555,14626,74094,675061,713,47965,7,11,220746,19,966.34,67.64,1033.98,94.11,773.11,328.55,599.52,38.27,934.86,2450839
39524,12094,14309,183623,1231,41592,4,9,30403,30,2305.50,207.49,2512.99,81.69,473.70,1106.64,1019.03,179.83,762.88,2450849
50762,11198,91474,824362,202,41995,8,10,32250,43,319.49,22.36,341.85,44.72,1198.84,242.81,46.77,29.91,1265.92,2450849
32451,9817,97976,1622986,4796,19806,8,19,32828,39,824.85,0.00,824.85,27.97,404.82,651.63,55.43,117.79,432.79,2450849
46430,2479,15406,1854244,5082,33920,8,33,63614,48,642.24,0.00,642.24,47.71,48.00,83.49,301.72,257.03,95.71,2450849
47300,15160,43435,596492,2224,9509,4,28,82099,61,3178.10,0.00,3178.10,47.47,2133.17,1779.73,936.90,461.47,2180.64,2450849
49649,13136,13613,1200501,4974,41847,1,15,115999,6,38.10,1.90,40.00,62.30,12.66,36.57,1.16,0.37,76.86,2450849
34398,9715,41449,1433713,1244,18822,8,34,138320,6,41.22,1.64,42.86,24.79,71.22,7.41,16.22,17.59,97.65,2450849
33358,10642,4067,1161142,3727,11065,7,8,140030,7,426.23,8.52,434.75,39.26,12.67,404.91,7.67,13.65,60.45,2450849
60718,1328,34607,351361,2225,24736,2,11,145159,34,27.20,0.27,27.47,19.00,186.66,16.32,5.98,4.90,205.93,2450849
58225,15856,26274,1580490,5253,42369,2,10,198999,67,751.07,67.59,818.66,51.45,2048.19,600.85,81.11,69.11,2167.23,2450849
45117,4784,77471,550573,1006,1886,10,21,216941,38,1273.00,50.92,1323.92,25.53,1800.06,878.37,268.34,126.29,1876.51,2450849
56437,13610,35157,343895,68,4241,2,27,231312,81,1902.69,171.24,2073.93,15.91,260.01,1008.42,429.24,465.03,447.16,2450849
38068,3862,81371,132196,6434,27072,1,16,236711,13,784.81,15.69,800.50,24.32,121.42,86.32,440.04,258.45,161.43,2450849
57454,3808,92900,1687905,2774,16043,4,9,3368,39,850.98,8.50,859.48,15.61,1801.80,263.80,393.41,193.77,1825.91,2450842
45814,7022,41501,431836,5818,47400,10,2,19601,5,73.35,0.73,74.08,10.23,68.90,47.67,7.44,18.24,79.86,2450842
42186,8516,70477,639398,5066,27534,10,15,24468,1,3.83,0.11,3.94,70.60,11.83,2.52,0.17,1.14,82.54,2450842
32468,3502,27696,1686458,5012,8013,7,30,98180,5,590.00,41.30,631.30,76.11,20.10,300.90,251.51,37.59,137.51,2450842
41468,15616,36016,387999,4792,6832,10,15,135109,45,2501.10,225.09,2726.19,28.82,643.05,800.35,1275.56,425.19,896.96,2450842
57257,16321,10812,1226451,4158,37465,4,27,143940,5,106.15,4.24,110.39,58.37,59.70,45.64,44.17,16.34,122.31,2450842
29326,3997,5551,148215,1421,3380,8,3,170758,76,2027.68,121.66,2149.34,52.76,1231.20,973.28,242.51,811.89,1405.62,2450842
50224,2047,21698,1351567,5211,32502,1,17,195927,9,52.29,3.13,55.42,20.93,93.60,33.46,11.67,7.16,117.66,2450842
56351,8191,36135,1312961,2942,43276,2,9,198853,44,463.32,13.89,477.21,14.47,447.04,361.38,100.92,1.02,475.40,2450842
50537,5419,38884,1792673,3206,18939,2,35,220525,17,752.76,67.74,820.50,54.41,547.40,692.53,58.42,1.81,669.55,2450842
50635,17834,13974,1106487,5202,22317,7,10,228246,46,4589.88,45.89,4635.77,80.26,1343.20,504.88,817.00,3268.00,1469.35,2450842
58942,14593,47812,1662752,4337,22675,4,8,233935,15,40.95,1.63,42.58,10.97,40.95,9.82,8.71,22.42,53.55,2450842
46636,6157,45282,1539281,346,10658,7,27,15362,37,229.77,11.48,241.25,66.83,376.29,188.41,8.27,33.09,454.60,2450843
29713,17348,65849,1439565,6423,45281,2,30,58745,16,1225.92,98.07,1323.99,64.84,319.04,956.21,264.31,5.40,481.95,2450843
41691,7369,40183,1641738,4320,1302,7,29,127598,1,19.67,0.00,19.67,7.42,9.33,7.27,3.84,8.56,16.75,2450843
49048,16828,37775,713500,778,4503,1,26,143083,32,1446.08,0.00,1446.08,99.08,1352.00,621.81,362.67,461.60,1451.08,2450843
44651,14818,54528,1572682,1641,27000,4,13,174051,18,1070.82,53.54,1124.36,4.85,336.42,428.32,83.52,558.98,394.81,2450843
49095,595,72831,1776002,6334,24266,2,15,184074,6,771.36,46.28,817.64,61.44,190.56,323.97,447.39,0.00,298.28,2450843
28804,13234,11044,523244,157,11070,8,6,190710,17,298.86,5.97,304.83,11.47,314.67,155.40,86.07,57.39,332.11,2450843
58781,9547,12071,1177258,5998,37185,10,2,195909,50,6556.50,458.95,7015.45,84.26,801.00,5573.02,9.83,973.65,1344.21,2450843
52696,17024,22231,705062,5831,39447,2,17,195931,1,75.86,6.06,81.92,88.67,23.91,16.68,57.40,1.78,118.64,2450843
48798,11551,92713,818031,2657,40930,7,17,221922,39,1588.86,127.10,1715.96,91.23,1896.57,1048.64,329.53,210.69,2114.90,2450843
29657,10084,80854,1345276,2145,33767,8,28,233957,13,91.78,8.26,100.04,71.19,359.71,11.93,71.06,8.79,439.16,2450843
53783,6697,89625,51534,297,45413,1,27,651,14,88.62,5.31,93.93,43.03,24.50,34.56,21.08,32.98,72.84,2450835
59222,10549,53435,663096,1828,14160,10,34,33039,35,436.45,30.55,467.00,17.69,402.85,192.03,63.54,180.88,451.09,2450835
38766,5014,12304,470644,184,15324,2,31,38727,24,2430.96,194.47,2625.43,81.37,364.56,2212.17,50.32,168.47,640.40,2450835
35806,13984,,1667811,,8142,,23,52377,8,7.04,0.63,,,3.44,,,2.82,95.73,2450835
49431,12482,54284,378557,7021,27932,10,2,74910,32,160.64,4.81,165.45,58.10,803.84,97.99,1.87,60.78,866.75,2450835
58796,4063,54275,1617994,998,13955,4,13,95123,7,448.91,35.91,484.82,56.07,194.11,44.89,250.49,153.53,286.09,2450835
43564,12157,99411,166884,6004,27877,10,28,138226,12,314.88,25.19,340.07,31.75,260.64,107.05,51.95,155.88,317.58,2450835
52595,2360,73706,18834,4438,2842,7,10,161973,73,703.72,7.03,710.75,69.98,743.14,584.08,95.71,23.93,820.15,2450835
35552,9247,24233,119475,6160,4045,2,3,189429,37,17.76,1.06,18.82,64.66,16.28,13.85,2.26,1.65,82.00,2450835
39057,11713,54871,75712,2145,22978,8,4,213279,31,434.62,26.07,460.69,77.68,251.41,247.73,170.06,16.83,355.16,2450835
41558,12016,69118,554363,5208,6500,4,2,218555,23,746.12,59.68,805.80,58.62,110.40,432.74,228.76,84.62,228.70,2450835
45444,2280,13029,937735,6539,27696,2,22,47664,6,14.94,0.89,15.83,54.99,14.22,1.94,0.13,12.87,70.10,2452818
41414,3201,1285,1071207,3120,33786,1,10,79345,61,266.57,2.66,269.23,7.36,417.85,181.26,15.35,69.96,427.87,2452818
30672,7575,4151,172604,2677,49550,8,14,81311,6,110.52,2.21,112.73,80.54,214.56,34.26,42.70,33.56,297.31,2452818
59851,2172,49337,1628162,1632,5149,1,24,94451,8,8.48,0.42,8.90,57.99,42.64,1.18,0.73,6.57,101.05,2452818
32067,2595,27350,95173,2549,9125,1,9,119422,1,39.97,2.39,42.36,62.98,17.76,9.19,24.62,6.16,83.13,2452818
58726,1299,49384,423500,5969,16438,1,3,194327,25,1028.00,30.84,1058.84,67.51,190.25,606.52,240.24,181.24,288.60,2452818
44545,3021,82653,1701573,5683,14546,2,34,195385,5,194.55,7.78,202.33,97.47,91.65,155.64,13.22,25.69,196.90,2452818
46113,8713,99922,1075048,6593,28938,10,11,202425,11,284.35,11.37,295.72,47.98,104.50,19.90,264.45,0.00,163.85,2452818
46845,4899,30076,1833336,1749,9409,4,29,217153,3,0.99,0.08,1.07,61.69,11.10,0.14,0.05,0.80,72.87,2452818
44023,7501,85397,151047,3018,2589,10,1,231532,41,33.62,2.35,35.97,59.79,708.48,13.78,2.77,17.07,770.62,2452818
43220,11865,8041,694265,4578,16844,1,15,9012,37,492.47,39.39,531.86,71.75,502.46,492.47,0.00,0.00,613.60,2452816
56211,3474,50957,856463,5969,27028,10,33,25668,30,2197.20,109.86,2307.06,57.49,236.10,263.66,676.73,1256.81,403.45,2452816
50695,8251,76950,1298636,3482,1928,8,3,40966,1,11.57,0.80,12.37,46.79,12.40,10.87,0.41,0.29,59.99,2452816
30073,11880,76263,947308,3099,38443,4,6,82721,28,2363.20,189.05,2552.25,63.86,605.92,1583.34,140.37,639.49,858.83,2452816
45617,6729,18685,1841472,4019,49766,4,15,101384,47,356.26,0.00,356.26,60.74,109.04,345.57,0.64,10.05,169.78,2452816
45669,14172,7924,110107,4152,11797,8,4,132581,21,318.78,19.12,337.90,49.73,698.46,86.07,95.41,137.30,767.31,2452816
54854,11163,11448,1476302,5757,42859,2,26,135773,12,50.76,2.03,52.79,39.41,196.08,16.24,20.36,14.16,237.52,2452816
33689,2496,80370,1871796,2134,2872,10,26,141727,90,3580.20,143.20,3723.40,28.94,1193.40,644.43,2231.18,704.59,1365.54,2452816
46669,12801,32575,405074,326,25978,1,34,184198,9,393.48,3.93,397.41,24.68,236.07,66.89,290.66,35.93,264.68,2452816
52195,11718,74369,1336868,2229,9990,1,12,188694,39,15.99,1.11,17.10,79.16,25.35,3.51,10.98,1.50,105.62,2452816
54198,2917,8312,111312,1667,40775,4,11,11563,32,234.56,0.00,234.56,54.49,112.00,175.92,42.22,16.42,166.49,2452812
35177,14850,74741,1210391,5241,38891,10,14,26793,35,144.20,10.09,154.29,1.67,301.70,5.76,102.44,36.00,313.46,2452812
61079,14028,95537,441513,3489,25865,4,32,40795,59,786.47,47.18,833.65,65.36,1516.89,7.86,225.79,552.82,1629.43,2452812
58124,8617,91027,814397,945,25093,8,34,59263,11,500.61,5.00,505.61,39.04,8.69,50.06,90.11,360.44,52.73,2452812
39249,8721,77591,1207868,435,38155,10,24,147484,56,692.72,62.34,755.06,22.38,296.80,207.81,271.54,213.37,381.52,2452812
32952,10743,69710,900266,689,35959,1,32,167137,5,106.00,7.42,113.42,51.43,46.85,103.88,1.95,0.17,105.70,2452812
56595,3549,2693,1314744,5995,6846,4,8,171560,30,696.00,13.92,709.92,83.25,17.70,48.72,543.71,103.57,114.87,2452812
59281,7890,81498,1893421,5974,1374,10,14,181390,46,191.36,15.30,206.66,1.72,11.50,51.66,65.65,74.05,28.52,2452812
61170,15396,27688,1273960,5132,48704,7,23,197540,4,19.60,1.37,20.97,28.42,16.80,12.93,5.93,0.74,46.59,2452812
37004,9228,10593,1254116,392,5915,1,29,206220,22,239.80,4.79,244.59,0.67,373.12,14.38,11.27,214.15,378.58,2452812
30275,6475,56664,1763903,5542,32781,10,9,7269,3,21.63,1.08,22.71,31.47,13.47,7.35,9.28,5.00,46.02,2450845
55760,14590,13963,240403,2490,26530,7,12,39291,44,3519.12,316.72,3835.84,74.48,789.80,2463.38,242.82,812.92,1181.00,2450845
45945,15482,14014,501156,1202,7248,4,7,61389,36,549.00,49.41,598.41,83.46,400.32,175.68,339.72,33.60,533.19,2450845
43602,17782,80317,1343369,6129,28089,2,6,105377,2,223.50,17.88,241.38,74.75,39.60,29.05,56.39,138.06,132.23,2450845
43995,8246,19604,1705619,3708,28197,10,33,124178,39,2112.63,105.63,2218.26,28.39,0.00,2091.50,1.05,20.08,134.02,2450845
31532,15910,9724,778555,1913,26118,2,1,130250,8,591.76,11.83,603.59,9.99,81.04,461.57,59.88,70.31,102.86,2450845
33356,3049,22886,553640,3852,39311,1,15,143801,12,552.12,11.04,563.16,10.07,15.24,248.45,139.68,163.99,36.35,2450845
37614,1297,593,1212266,5273,39433,10,22,162590,12,8.28,0.49,8.77,6.27,20.88,3.31,3.97,1.00,27.64,2450845
34681,16822,5564,1843895,2673,23404,7,3,172441,64,142.72,12.84,155.56,31.51,142.72,79.92,47.10,15.70,187.07,2450845
33091,16603,63657,488887,42,2797,2,22,31575,57,1356.03,27.12,1383.15,61.91,2938.92,515.29,756.66,84.08,3027.95,2450833
52586,6655,76619,1105489,1559,18076,7,6,40762,21,140.49,5.61,146.10,89.18,534.03,47.76,36.16,56.57,628.82,2450833
38819,12032,85591,1912606,6257,13908,8,5,113229,6,5.70,0.34,6.04,44.77,3.24,2.50,2.27,0.93,48.35,2450833
32131,7417,14040,1268110,3506,18055,10,33,114480,6,136.38,1.36,137.74,56.21,12.84,50.46,44.67,41.25,70.41,2450833
53797,5812,3900,1018811,6158,41905,4,31,152253,34,2564.96,179.54,2744.50,41.35,660.62,923.38,1444.59,196.99,881.51,2450833
60116,2890,98505,964174,5825,7476,1,3,184138,2,68.06,2.04,70.10,43.89,74.88,1.36,3.33,63.37,120.81,2450833
59596,292,86732,1232262,2503,41097,10,24,194149,9,436.05,0.00,436.05,76.33,178.74,122.09,119.30,194.66,255.07,2450833
37917,2887,42691,304423,4283,35790,8,22,198829,13,403.26,0.00,403.26,49.75,604.89,250.02,56.69,96.55,654.64,2450833
39418,13813,22679,694110,4590,9517,8,27,208384,4,117.52,0.00,117.52,83.15,97.60,113.99,2.29,1.24,180.75,2450833
47265,16908,32207,983655,1510,22565,1,8,6017,60,113.40,2.26,115.66,34.99,4.80,3.40,17.60,92.40,42.05,2452817
41054,16863,187,1317999,4857,16915,2,13,12161,58,2411.06,24.11,2435.17,48.75,128.76,216.99,767.92,1426.15,201.62,2452817
60397,1734,97336,977206,5388,3170,2,24,57835,28,724.64,65.21,789.85,29.40,81.48,130.43,219.85,374.36,176.09,2452817
43527,16308,4945,1391569,3993,34464,7,19,80788,4,24.48,0.73,25.21,55.58,147.08,6.60,9.11,8.77,203.39,2452817
29763,6252,27950,925370,159,36901,1,5,146013,23,711.16,7.11,718.27,25.53,1456.36,56.89,333.67,320.60,1489.00,2452817
33893,1575,73957,1022831,4952,17026,10,31,208378,20,1545.20,0.00,1545.20,78.19,709.20,880.76,611.28,53.16,787.39,2452817
51035,17256,44094,78797,2410,19670,7,10,229621,3,3.90,0.03,3.93,75.69,47.07,2.41,0.89,0.60,122.79,2452817
34244,4701,63399,265493,4348,803,10,33,236492,2,214.02,10.70,224.72,33.92,128.42,201.17,6.29,6.56,173.04,2452817
46825,212,72095,1254427,6924,31021,7,15,5855,37,1232.10,36.96,1269.06,2.02,410.70,369.63,448.48,413.99,449.68,2450840
30931,1646,39263,374815,5120,29072,4,4,7269,19,1476.30,88.57,1564.87,41.15,347.32,295.26,992.07,188.97,477.04,2450840
60083,12109,74195,692979,3782,36585,2,13,59702,29,495.61,0.00,495.61,37.38,411.51,69.38,204.59,221.64,448.89,2450840
32641,5114,25706,598899,241,3183,1,12,91978,11,46.53,3.25,49.78,77.91,496.76,10.70,20.42,15.41,577.92,2450840
44433,15022,97041,1148480,7034,17941,8,7,107455,49,708.54,28.34,736.88,25.58,1214.71,120.45,464.59,123.50,1268.63,2450840
31043,13544,18298,1075718,4178,18991,1,9,110513,3,184.68,1.84,186.52,79.60,86.79,24.00,22.49,138.19,168.23,2450840
32607,16364,5066,1724146,2911,48123,4,7,213875,9,1163.88,46.55,1210.43,24.56,527.94,709.96,59.00,394.92,599.05,2450840
47385,6950,88935,26147,2162,2130,8,5,234618,49,1473.43,29.46,1502.89,55.59,176.40,1119.80,268.75,84.88,261.45,2450840
