21163637,M,M,Pk>ma"y,402530386,{ood,,1315114085,1255139071
2053154172,M,M,Pri"S/f,1636527559,_7od,429836912,355202112,1189605490
1368754314,M,M,Primary,1327135866,]L4d,1481628802,,375888982
1218107560,*,^,t-Pmar<,1876504680,q7od,303298233,374040413,1226773887
496737972,M,M,Primary,1483601032,GDo?,1263831854,,
222189543,I,*,Prnm~ry,694440492,&ood,529913029,534918055,72542840
1345221088,M,M,Prim+D{,82873499,xooj,279678498,378428207,215685636
701403271,M,>,#ZimaW[,784664178,6oNd,506228344,438826660,202071748
1287470818,>,M,PW@mazy,480066373,BoZ2,1755815469,402389167,209082052
2088839273,M,M,Prima\%,214800683,xoid,1090588904,57799963,732628379
1119095808,M,M,Primary,1601526764,GoTd,1691767424,1135229939,1127274821
1280028663,N,W,,655060404,G2od,1077803857,737818169,1255228173
1.0,h,M,,176061874,Go}X,1299743682,791675930,1634590267
1571425865,K,:,Pri;[rH,5156885,G<[t,,285876004,778481621
1230862485,M,M,Primary,1814187822,Gow#,420938133,1403520670,1524494347
1590199498,M,E,$rJmary,2109710777,oE5z,1746887210,1652870274,1519397178
707193145,P,,P#&Cd&2,1310421393,GXLd,966704511,111585926,1890953943
285639119,M,M,Zr$ma7q,1989180839,W@od,2146126377,291348291,187148979
,M,1,ur.Aa#y,1217229274,ao\d,57931420,2068500768,1064939933
1182731840,v,M,UrwmBJ=,532828640,xomd,437866254,1200753321,628171842
178471773,(,;,PrO5O<B,130897541,96cl,1950166785,571603336,1808041668
1153400754,M,M,@i0eary,989143210,Goo8,367123911,2106397054,174796687
220051999,M,/,grQmarz,1591276606,|8od,1697861808,2073687510,833731303
1827726564,E,M,H"C~n}@,1567743211,G+od,128107115,1886663590,231844510
1257432743,A,<,PUimary,1319723141,XoHd~809243699,1069978647,80975159
956757043,M,M,Primary,2119210486,vovk,1903140509,,384424456
998308686,M,M,Primary,1243101798,t>-d,1061165207,1781141342,1056008142
642638560,M,9,PriHaNy,346528141,+k*b,1997707181,1082517011,475784240
1691161463,M,M,Pi;-aSy,5166972,Gold,1215249623,991011620,1005601370
1845627385,M,M,Primary,1813863371,G$R=,573189284,1059712283,76676541
439788152,5,y,PFGlWIC,1604982473,Good,1861972860,635008704,634126650
89233149,j,M,Pd|mary,652152695,ooo7,1747337077,706751258,1759640089
643628260,8,M,P>?m:ry,1246238429,Goc?,203040296,983773715,624342478
494337393,,I,Primul<,1221379131,Go!d,1071732810,90338283,368128023
,M,M,|r@yaMy,,,731106918,203022706,1828810216
1224809537,M,M,Primary,939780488,G0od,825346253,,1184194223
316099712,},U,Pli7Try,1338428422,GQJT,1585198359,1497059727,1959414075
322660331,M,M,PEiva{A,1081349067,Gooz,1659438727,1877560541,1816731440
2143906288,M,0,rr3maMy,1144170166,GEkd,337978329,1462006630,1107774516
1403005240,,M,Pni{aQ:,515634867,Goo1,1848269450,0.0,1110875416
1783375539,^,U,Primary,1124294145,Geld,1886432446,776967381,102923795
177660333,,,Pr+m=Ay,,a13r,1978973998,500452316,1611147065
222702188,M,-,21i[arN,147048982,}#GI,1436884775,390542115,1304186393
1743306212,M,M,Primary,812721018,yood,714841409,1792279900,450903952
1202796357,M,M,:r!m|My,644227466,po\\,1868899975,1317779202,716135996
818754834,M,M,>2*mcry,918762142,Good,1640159564,1705278256,1022896991
1475110739,2,M,PrrmLry,2014613871,t;e",2099084565,1438275405,213763444
1533800406,B,M,PricaNy,1303392518,Good,1301037789,197840244,1483047982
688279205,N,M,cr5mag4,1981608731,G/Id,446244262,582155098,1585121801
576987740,5,V,P^imary,686138232,m?oe,453603477,1363066716,507998497
1983896688,M,M,[<iWary,1322678121,GoJV,989817172,357747505,129473416
1698083403,M,M,Primary,145716969,,687820508,548347174,838505534
1312337744,M,M,Primary,892681219,,1947538405,0.0,495189595
822788838,M,M,Ervwary,1989540204,rqoG,1210445477,,567752572
1413145014,M,M,<'iLa+y,2004983853,4ood,854236336,1164141883,1759770394
134486608,!,v,Pl~%Cr8,226115121,Go/%,161559797,1669676231,1701439765
455060692,+,@,PsUmarO,1151472430,_0ok,2072711641,1820744255,1453802144
675709041,M,3,Pr6&3e9,775517973,2a2d,1860805594,1793307709,1316840129
1377312292,y,W,P[~mar-,2094702815,|obX,1791830251,1085789106,835150816
1614887913,M,M,Primary,1547328609,Tgon,,897946996,315108000
81983656,^,M,P&*jaxp,311023641,[7XR,281813324,708572281,2017904246
1385130549,],m,]&imary,487535310,Gus],1019680,1819260634,978250247
1091611549,L,M,PkiSar_,500.0,RBm~,1357775780,1070642041,1583604176
56989409,~,\,,790928285,Goo7,196125360,460694895,267961303
2066373712,M,M,P*imaOX,2119985200,G!N.,928528432,1899876738,0.0
1185372494,M,C,Pribrny,272239112,Goov,1408107657,1204694122,1376118225
728079275,\,M,UHloQOy,1671462704,,391819760,272462095,349499765
1870789539,M,M,Prim?/y,815485641,G<od,2111695520,1271823836,242209691
656058710,M,},5rimary,1428063884,|so=,388240493,1723067364,1059317066
1467877641,M,,C:$mV2*,606407014,G^o=,1861058822,331885568,194121403
363643892,M,`,7ri@a_A,,Nov`,1288459410,1948095891,380065930
1266503338,M,M,Primary,,aood,1751335047,2061869050,1785296375
1158536459,M,M,ErBmarx,841834744,~Rod,729383965,536821420,1495076512
1988808399,M,M,Pri3ar],217742688,Goo*,,391308512,1111435275
643707545,M,X,~eim@ry,641865861,Goxd,150676457,823898386,2054651512
740939085,M,M,iLimary,132000086,R~L),1392698509,2034571776,903001336
1116275353,b,M,P"fm\Ac,1307257639,6ood,1716403289,800650962,875164131
714269954,M,k,fr^myry,623542521,.&"d,29682964,1979423485,
1473863,M,0,PdNmA+/,1064357253,Gopd,1285911829,0.0,101951393
65540425,M,M,Primary,1575143100,-jod,508070249,307610712,119727562
1441156618,4,M,Gr_4a`y,1265173567,GUod,687995739,,1497916973
1804598576,M,h,Primary,713942320,G5=d,1471745870,763024264,1954416743
616722502,M,',)Ui_az0,960997841,Good,371782887,0.0,545244384
270475355,$,S,hr}msdy,778461921,G#$u,1192026558,723996663,1543618403
1513013283,M,M,_riZar%,339223092,G@oU,991040794,466125455,2061381246
1982032584,M,",RriEa!y,642377420,Zood,295646588,1351808683,23245984
287755034,M,*,P!iza@6,1813756477,/>od,1599297449,1671904920,1896590370
925267177,M,M,Primary,1510941894,GCod,1898603651,799806937,2048890301
2111027015,M,M,Prikar:,432170288,l'6^,891708657,1957260198,1262019946
1.0,",M,PIi%Try,1336360136,KooK,516761013,1514809500,124655957
1464173805,M,M,,1959982410,Oo]O,1163285081,1432198598,733968467
1386987122,M,M,Primary,1791773564,GTFM,1648540033,1398932856,388808011
420820857,M,F,PrTm&YS,652607272,J.od,1773040885,,1212166477
,M,M,PvKdaey,1643689477,I}o!,1353381177,224690680,678545309
49005575,*,b,Pri9arH,243301644,GoM",1198209130,1673982330,2040279680
1.0,M,M,Primary,711345616,GuCd,917779,918791651,952247673
999722727,M,M,Primary,195099076,Go&d,628407870,0.0,1367005215
875746446,,M,4rEDary,1617256517,GoDt,1773169225,542153500,834074729
1283643820,,l,LLjV&Ds,1017511591,GEod,503275917,944387488,1901513476
1.0,M,,,776185563,juo~,1974759335,1864045488,1257008850
1076337967,M,M,Ori_a$y,645716965,GoVd,902248155,0.0,453788039
511732833,M,M,*r97ary,122614069,GooN,2103724154,40119051,45075261
1279739493,M,3,Prifa1y,1547497825,$ood,1469600013,2081942943,35674411
412970316,M,M,Primary,1169359858,[vo`,1282855445,787450106,1408696244
676650814,M,M,Vrim-E9,182900143,uEod,1552844204,,382237061
682347845,M,M,1:{maTp,876942038,Go_d,590457938,824860694,1980945188
688793645,M,M,pr;Z:ry,649029055,G@<@,1588617681,631480389,1165537470
453241207,B,M,{rima!t,605286476,Mw:d,0.0,112237083,676121402
237629633,M,M,Primary,1331264006,Cof_,0.0,79155851,1020868444
61732315,Q,V,PiimaP`,1140907938,Good,1175286208,803068361,600884727
1328954380,J,M,,1008944968,S[or,0.0,1019737608,1889808973
906545834,M,M,Xr5maX?,1648298032,;Eo],83867260,18668219,1492941273
1125478548,M,M,Primary,1264874934,:o%Z,273874201,396793639,901114343
2110158871,M,M,hrimd$y,285174430,GoYd,903593300,,374650977
923600398,*,!,eoim?ry,1924378860,GbJ-,878376318,1099869611,1680365049
1982167372,T,+,Brn.ao8,1246469629,u-(d,1094451439,1312653586,1051428724
854711643,z,M,P0imFrp,332161318,[5DQ,158172212,1100892388,1776495257
1974084296,M,M,Primary,1467509835,GT-d,1582727830,1260622636,779873813
226618407,*,h,Pr2ma4y,1866350407,GG]d,1684543778,1631803998,2040906334
916249405,',M,orm<<B(,1683893705,so\d,,72088210,937791311
322239538,M,M,PrOma%G,1291046628,GooA,1308673298,2109350359,1709430164
,|,M,Primary,135627384,Good,1635467329,2127287163,83734078
1941807008,M,M,zeAmOry,294612759,YoQd,65326179,346846678,1990011952
710880354,M,O,Primary,1282552248,G!qS,1255648079,928555728,1960854322
598538306,M,M,Primary,3630630,G&Wd,0.0,1076042836,971113667
153058871,M,M,PriSaM",1098488547,GY[R,1194939981,,2069316679
123817789,f,2,P\imi=q,1245919301,Cood,2109749683,2047903565,1457007962
1.0,M,M,PHihEry,1113676806,~joD,2033453148,37515955,0.0
208770627,M,M,Primary,115348747,GcNd,663205381,1745692015,1903961820
1762007390,c,d,Pri\ar1,1149032938,Go\d,1712341511,742253153,
1160411763,,2,P1i#|ry,2084314091,GI$d,1470611446,1233776893,2040676073
446540368,M,4,;`ima4y,180374732,GP:d,,968003642,2038823516
1653041151,k,M,=Gi("ry,476640582,GGgI,155839649,1147458328,1090553451
1436580247,M,M,PrimaxW,902358799,G12d,1841998833,1798633080,1398828993
1221887874,s,M,Primary,1623056387,Go8(,1458668567,1074339741,1703842444
1267737399,M,M,Primary,1445552339,mood,431110177,419791827,2067122095
1978215170,M,',P"NmarL,2085190994,<io.,1033787356,957600508,2005681860
1927042288,M,5,PrimGrf,537294160,Gfod,2104278135,1396055508,256582363
668094354,M,,,2066203226,Go8d,1045250440,1168215032,2010585208
986530314,g,g,Pr*Ia'B,,G\lq,821662640,654485667,1629168736
926691164,x,D,5V=ma(<,651272239,G>os,1462879819,292905593,1932697378
629378089,M,W,P<ima2l,1738877367,l{_N,2053754313,420371099,1334113572
1210089790,M,M,Pri=a+T,1427186021,wAQK,1309151834,923417823,322846160
2073981685,M,M,Primary,1158977772,UCF@,228941992,1469937974,1284328313
1849006725,M,M,Primary,290734334,Goop,483478367,,1484309686
898500972,M,M,J+/4frK,1366211624,G_Gd,764992666,679398967,1461516177
709296131,),M,Br"4apy,660626976,2ood,451144665,367233091,1732422373
1083627801,M,s,Prsma)@,1844761220,VooZ,1793254465,72245977,1135637950
1329827735,$,),{ri7a%y,,y]o[,717900847,170160315,132771118
1965582238,J,P,P}i(a~y,2087216347,Goo4,928317953,0.0,2120256563
618809540,S,,PrB^ary,956363859,Xo>T,1018446051,671610459,1477630093
166894221,M,(,PrBmjry,1015461788,joo_,933671454,1745293382,
1829841226,M,M,Primary,1542546206,G%oL,591670373,2126966386,1784150647
1364139685,M,l,Prima-%,,Good,1441158905,1757086870,404245805
835454063,4,M,qrM|arX,90669332,GI)d,,446839107,1787540421
279576390,M,M,MxiJE`y,1517827796,:ood,340186395,458913181,
896539250,M,M,>rDOoNy,1644985474,G2?d,335344785,1191005802,
1900791446,~M,Pii}aPy,1835373902,GoQp,1810726002,1367629984,565084570
2092027683,M,M,Primary,838643974,GooR,179113437,86806059,1700872698
2023762192,M,M,PrJmUrA,500.0,Oood,1687471968,1555779727,1337415588
238509193,Q,c,mr/mvwl,1745996482,Gao0,1036763398,1691297600,175075686
1334067451,,*,Pri/aPy,349937715,+ooh,435864200,1351546673,2143477396
732728693,M,M,PPiAD5h,1443724461,qOod,148465483,19820460,237676199
1646880446,M,M,PrBVary,,2rod,262807834,1956032795,982553142
834127516,M,M,Primary,1022027816,JSod,,1889430447,341378553
101005284,a,M,Q~iL/ry,,GVo/,1927834047,1208989612,1767312207
1385584044,M,M,P[SP1pj,,Oood,1776186535,1820819888,1183825242
728419502,M,A,+ridaNb,137848391,G|nd,829757426,1888831182,1473312005
730943003,M,M,Primary,1903086646,GRod,893770860,357854601,1445364797
1640197169,M,U,vr@mary,1854287580,Goou,2079979035,1204014825,1952493286
729865359,@,M,uriK_r0,665528436,GeoK,1748535930,728465359,513121628
678317308,M,%,Pr3ma&U,1688540957,Good,1882670563,811057761,816960296
1850019745,M,>,PGim8r#,1502640652,U[/Q,1744569258,1142922871,934025993
974506985,M,M,#rdmary,1123409279,mjod,286893081,1005828113,2033271207
698576736,M,M,Primary,1597042262,G"dd,1448293490,533447345,1003525350
490009069,M,M,PrK:H.I,1956712807,Good,1926378667,1592799424,0.0
61646419,*,M,;r2|9BY,1079559091,z9G+,1793334013,1605467041,1343623966
559627095,M,M,,1654844966,Rfod,127825717,433140707,
622505609,M,M,PFi+<rH,517476646,GUod,1353921237,262308003,2095985041
1.0,6,M,Primary,1788541162,,1467939426,893364234,168942168
1096482461,M,M,{ri?ar1,1541096911,Go!d,849717512,1903908721,1867638627
1747012372,M,M,Primary,804232722,Gvod,1790981757,277204734,1766944606
672888505,M,M,H46mp*y,77139352,Bo-d,249852031,298412936,2104786065
556293280,M,M,Pr|marA,1081016475,GDsd,279212692,1701609961,281093268
1962143669,M,M,Prim>9y,417761846,Gmyd,814652185,1963323461,598324941
339829139,M,M,P!0J$r|,1120583374,Goo/,770195083,1854075582,940839601
706093861,M,M,Primary,1918697345,?o(K,1115574591,84067124,1572538376
1975659784,M,d,Hr}mEr3,2019797401,koNd,162318331,1790321750,1937427302
343872188,r,M,Pr'TV`',811879049,(\od,1630412807,1409335670,932555623
2071684522,M,M,Br+mS-!,551301907,GoDN,2102236621,245795949,1316545330
1222290354,M,M,Pri{arv,1067897102,Gosd,927104861,1550402690,440128430
182042255,u,M,Pt2MaZb,1450695322,f!o-,797831647,52921062,1654096261
1374895212,$,M,}r0"arZ,157655327,toud,1605036433,1180138768,1300201185
661415177,M,M,Primary,745985821,Q60d,1129636258,590580647,486637360
2136426792,4,M,,1237830545,aoTd,815941152,,1433261568
214306262,M,M,2riSaT(,336451267,Jood,2040823802,897818251,1138189228
492038107,M,R,vrTra!%,1932382885,Good,242975330,928187704,557961225
757213757,M,&,<rimaU',591524296,Go&d,,1387328963,1358232811
790489559,O,M,P#imary,624933959,,1419770061,1469933955,1394306391
1142072420,Z,.,xhimar],601159780,G*o(,2128588465,1571534634,1448272575
855010204,s,g,PriParC,546103155,Go:5,286878823,1198141424,1814483529
927339787,>,p,g6iiar',1663972952,G6og,784067200,21082436,1029759176
1984966287,M,*,Primary,767313745,G}od,1102575663,1206079643,
1569359429,r,M,Plimar$,1647101389,Gofd,0.0,1686629161,1652779555
1514161592,M,M,Primary,169883544,G^v1,1104930542,1400351108,31803404
813518645,7,G,Vri_ary,982648321,]oyy,1470640466,751126748,1870401037
250762010,A,M,,2125630367,8oDP,71791349,1848454543,716050000
748890905,M,M,Prtmary,,Z5oE,1245747317,,686518048
1618914568,M,M,%r%maDz,2111019336,&o!d,276706512,1867489741,1878173162
855285921,M,M,Primary,1895837187,Godd,1525090287,1745159807,
1733999401,A,M,PEimC'y,611319422,~ooL,37082326,517861825,593391244
1200578325,M,M,Primary,2141062728,`oGA,455524808,839209382,418036229
2146008550,M,M,P&ysaRp,936030169,Seoa,585434558,1556761872,1607734496
439362959,M,r,1rCmary,,Gooi,2066597705,1747551249,1218607366
1591460591,M,_,Primary,170575022,boRd,1785693334,9359309,372390995
964275538,M,M,Primary,122502702,Good,2005661018,1364606409,44317772
1989466824,M,!,8rH<ary,256165551,ioo{,1386412375,1063346581,1526088301
1104726306,M,M,Pr5.5'y,1682067512,+ood,136832806,2113244572,1180563664
674313937,b,M,EqiSMSH,763914310,H'od,1434367910,1292678757,1209559770
177528419,M,s,Vr>m+r',660793709,:ooe,59495974,459014686,1830639586
1602700097,-,n,PHiZaEy,1111668452,#AYM,1021021602,511072591,687996149
1264867751,M,M,<Kimary,846074085,Good,,985779990,1207129455
1214567905,M,M,Primary,978665817,5oo@~1847636806,1352971481,1599784793
81583915,M,M,Primary,1985557210,Good,,1999097267,1699667839
822844132,M,M,lC3marH,1871581715,to1d,1177059305,975393707,2103322206
478445855,M,e,$rNmuc7,1234013396,GtUW,53333754,351442708,1111931006
1077904621,M,M,K=.mcZ5,694199194,sUjd,632107845,,39986505
929797359,M,M,PViv[ry,850866090,Goo_,2021032721,1287561246,1163716345
784498089,M,M,Primary,85579354,,,915281221,397528062
128627753,M,M,PrTmaR$,475458460,Beo),1569677503,649068886,299921787
1403986811,M,M,Primary,1321832784,GoBJ,1495567772,843216058,1903047363
1.0,F,M,BriRMry,933856270,Go-d,1393448826,1389322519,980578400
1474965727,M,M,PrfmaF.,1375457250,GoTd,964547207,1715148973,612295724
174349078,M,M,Prhm9rW,1666594313,]oAd,1761531526,1408656852,1354392111
697658911,.,M,,1118286423,G@xd,308965453,308540843,1514016836
1258577518,*,e,e("jary,1704414273,NY:d,121249759,690507879,906007758
872200883,M,2,PNDma9],903109203,]oo(,656375572,179864398,1296380217
931007435,M,j,Mri\arZ,1226912724,Good,1775347655,622466670,1496509686
1258490671,C,,,339774618,GoId,2074787420,657515025,569795360
1396021271,M,M,Primary,1246402778,'1od,525179907,1052675736,471638201
1299753416,g,M,P}iztWz,905540406,G:od,0.0,1529654429,1989227279
1289569571,,M,Primary,474006723,=oo!,1251450711,877496676,
383590410,M,M,ZXima"y,1535116234,good,1980216883,1893797065,790087468
1855747230,M,M,Primary,1834319910,G5od,521789064,2050702929,0.0
1232044794,J,,Primary,,GoRZ,903796437,569846882,1742718136
1649618290,J,M,f<N1aoy,1930507235,JoBd,578531330,1950035898,
1894753189,M,*,`r/marC,810153869,GpIS,1608113866,693938849,110328720
1350473286,M,M,&AIjarU,668075142,GooK,708029799,224587151,436056362
511066936,M,M,!rMma*y,1479336240,GS}d,2113205930,230639627,
1404380065,M,M,^pi}[2y,1206755767,;o`y,965245927,470728716,894417700
1520955776,M,M,Primary,,iCod,97564221,1427340955,
1065153605,O,M,>rimj.y,845648571,CTo{,1755331198,1204264940,1329690475
667742048,Y,M,Trimar3,1662797658,,,725795119,1908163649
1023614344,M,[,Pri.Zuy,1842910200,G&oN,,1788310017,481599646
1921024525,M,H,+^9jYpD,1083798832,GG%d,525132974,1985460509,924027842
520338291,M,M,PFi4atQ,53979575,G-od,1696788708,,657843682
783184291,M,M,Primary,1008841152,oo<Y,555170992,1289221930,67200575
1243378526,M,M,!R5m708,,Good,720313310,107727874,638686487
,M,M,Primary,897649471,2o.d,51256829,652827155,1891180577
1904910308,c,M,PrSma]:,673437669,Qoou,1517667039,2042730946,1427245197
765383553,,M,rUOm=)y,1293094165,9ood,998200040,1531810364,1465916029
343761916,M,M,P(i"6tS,586724650,GoDu,1065611504,507787640,0.0
1160605631,M,M,hrimfry,1052268612,Good,551535258,1844396318,50231649
1455082580,M,M,Primary,1733340188,GHod,2034346186,1524174776,153676288
910270759,M,K,Phic'%!,680404361,Q'of,1780333172,1104414043,93972095
1704651890,|,M,PJy>ar-,730192030,34o),1909530469,319128596,1362204644
1065349700,&,,,336055993,qbUr,711480955,1455059634,1344482057
1638547077,M,M,Primary,1612738457,;oPd,1187018531,203284001,1257200002
702249306,",M,Primary,332569667,GBod,1603277750,2047445155,
71906088,M,M,#rimary,815280821,6ooK,1122202690,0.0,791758928
1921409175,M,M,P*#.a(y,747012834,Gqkd,210996909,854358846,421908831
2019826054,M,M,Primary,1905432902,G9fd,1580400310,1408973750,2095830564
953417790,<,,$rg4xTy,1219723504,vood,386476020,211714362,1112011332
2141300827,M,M,pr!TaLy,,Go5d,1117492204,967177891,207167572
1395708418,,M,{ria1XW,1176842503,Gm&;,1352200062,1920954930,845192073
2026519591,M,;,Pgzgcry,1989952418,Goo',44951976,557255746,902771032
1320788846,M,M,Primhr.,1357964782,a]o7,1121631274,695866716,72563140
924883351,M,d,PAiParR,1328059613,vo}},756319039,2005161776,74694379
33377875,U,~,P0imFx8,1431192876,Go@},769262517,,38632794
615140969,M,M,Primary,1582997054,G9\d,1443934341,1624589899,
1085100342,M,M,PrXmfmy,500.0,Good,1127985954,1188010061,828068977
1.0,M,M,Primary,2073738186,GoPd,665332017,707680469,677909066
1827350848,M,6,oriO"ry,1963298771,boo|,1108295209,1568506700,1570905031
910048531,M,?,P~!>ar!,484929025,qooQ,1500404090,2104277214,81246130
511889379,t,M,Pri8ar},547617259,#PPd,1478313457,200492866,1707251825
1564466207,M,M,Primakk,1026883312,kood,234311628,1007996787,334473691
771224178,M,M,e]3mary,1975242375,Good,1677385551,1895367486,70338166
624656729,M,M,Primary,2048711271,Go(',1531685823,1744413212,999044291
,0,n,"rikaky,392288024,G_ot,949715740,1273213600,1834987578
885423192,M,,;*im[r^,1043959291,Good,552397651,1381623188,1406848248
1657415911,M,d,hHLmaEy,868167040,bo/d,55538142,0.0,1399583331
1389874585,M,f,Phvmary,1023492345,n=od,1716829315,1233337121,991433905
1907859431,8,M,3ri0ar%,849347968,Ge-+,1427833960,279624448,1247837381
1324294114,M,M,P#igaby,253284361,GnoX,994098750,1245218169,611286689
1375374481,x,M,Primary,244720001,GooL,839839980,72905307,818037228
445016610,M,M,Primary,340740307,3)oL,1639328061,40447306,1657759336
251116458,M,W,P_Amary,492582269,GKoM,990477040,396226951,547947483
798877438,M,M,Primary,250461865,jbod,133364264,,1649611253
653680658,k,),Prr9arT,583264787,G!/d,73668928,1324734225,1287074453
442772631,M,@,grrmary,1774323109,h$pd,1991680824,1872855837,431681
489884007,y,M,T-w$ar=,444068070,M_oI,317298008,845399521,1135224158
189148670,M,M,Prim~ry,1161758118,Good,1322951619,0.0,549775860
2133930590,A,M,Primauy,,G6od,1794718339,1120638789,1315417261
1704502413,M,M,Primary,798179648,$[o/,1462060970,291742083,2120079993
1030572726,M,?,.ritN~y,1842612776,LooL,1875935841,1108405546,1397517795
1991828422,~,M,Pqi9a)f,1021150590,O|od,1476341537,1405822450,479694043
836773313,D,M,urima#A,791745861,Geg^,2087196833,1383019648,
172446662,M,M,zri\ory,638044182,FNo\,1693743121,677295398,1918724147
252999780,M,:,Pritary,1706143004,to[d,1836451184,1662179573,457205335
1433013833,w,M,Pr(mar_,2139307900,O&od,230583414,1361119818,1076823073
2012493965,),a,KW}66rt,658303500,GIoy,1247112528,744253455,291686574
546029073,!,M,Ory;frK,1690422753,Go>/,109144629,1577129069,2134625765
425489508,b,M,c3dy\rq,720243563,Pp\d,2023362537,257957992,1606957625
1568616477,6,M,/|-mZry,1764644476,Go]d,1007784032,391734897,1616994225
1952937654,M,M,Primary,1173007433,GOo$,736492899,1722442758,1657885366
113892311,;,M,P1K]aTy,1360829257,wooE,218802260,1997182254,402858999
1176261880,M,M,crwra#K,1901885910,G"o0,2069620719,2051100735,475791244
955466644,j,[,,575012056,Gob],471787228,261895237,851933060
1796896799,M,|,"PYm'r>,912660194,GvVd,1479144722,1486998573,828649830
1829542870,M,M,Pegma|y,1915748869,Goow,1163119195,,901551482
772209027,M,5,PBim1r^,1232003531,,583984888,1809156198,1634144436
1604188878,M,M,^VHZi^`,1976149098,2"pd,0.0,918636952,1420766338
1933677070,M,M,Primary,125751088,Gom:,342579224,344192666,607258603
1367052106,,",P&MA^i.,823485226,Gk)v,1660942551,1900995730,1304153360
707589830,M,M,Primary,1402626841,)oqd,566190053,1789352983,137705105
660094788,U,M,Pr"0ary,1427680482,u3od,1310906371,1406978764,0.0
555918737,M,H,P-wmarW,1465543260,Jo'W,1031937975,,847662290
1762537732,z,M,Hr^#6r},977274913,G\$d,914347885,1471491002,341425893
389970932,M,>,Prima!y,666283493,0o<4,901751382,767667304,1172164447
970911195,M,M,8dem[ry,1185399854,~cof,1766953913,1765681111,2030301645
946018877,1,\,RrF:a1y,1991748919,Good,1990798668,2100524145,1747887914
1836299451,k,M,Primary,1230299592,y]md,1061789597,,
358080318,M,t,PriW&2y,,Ao.',1477500294,282470936,2106877456
91909804,M,M,gr&naby,1383343393,,681981987,511519217,1775655599
1661102748,M,M,Primary,139646108,Go|d,1958167499,1480603892,463832404
1256118711,q,M,P5\hary,376839568,aDod,492353316,1624929193,0.0
1191593671,M,M,Primary,2030407213,GwR`,988997855,120450623,2002244406
2133345658,M,Y,|rima&1,1966658566,Good,1560492675,2124519619,625680525
,M,M,=kimKK#,1533310577,Jood,330572554,41521239,1595449864
1513129408,M,r,P;imary,1422876079,1oOo,1617603452,343470565,1479332820
1908681753,`,M,P$izary,478293438,boHd,1501626381,412669529,42753547
728327938,8,r,tYIm*.2,1442861153,Goo3,2000378097,1210361544,861289359
1.0,%,M,P&imar-,362635416,G$+d,554887165,1221612489,1069029337
1841805008,M,^,PriCPry,289856846,,1548724459,1519121198,396366078
1766417309,M,M,Primary,160168089,good,1514881275,1562969789,2144979704
1217716028,M,M,1rNmdNy,1012505273,~hod,1917598270,1238025049,1817444286
1763427855,,N,P:imary,1803191385,2MOd,279436944,1631688100,2122135299
215441111,M,M,5rimaty,1287103963,G\od,577504072,1923294561,1879476055
1208817465,b,3,Pri#arB,116243142,drO\,1999538229,,638558637
650714669,M,M,Primary,1093948563,PS%",1489774396,1957309214,345631519
,,M,[MigaHe,,Good,2020865691,427520153,1417005907
1416145359,V,M,]Gam;ry,2102166553,*oo3,503898139,711599697,411453327
1854967114,M,M,Primary,731429558,2oed,1322291348,1376759155,79010081
1468176124,M,M,PFq!y[4,1273229351,Gool,1300858162,1282372761,1097686871
144467555,K,M,r!)mK'y,51492338,Good,323187384,465438519,1626006212
609006773,M,!,hLf}tr=,1087687296,uood,976887023,7633906,377092400
241109646,,y,PGi}ard,,:6od,1018937866,1654450726,522669647
1498805546,,',Pr(m?ry,260205757,`ood,1589107424,1008648313,404940597
1066723587,M,},P+ima'y,696485013,eo.I,2108861328,1819989369,1661456103
1083618331,M,M,UriDHny,1149024043,Xo!d,789831387,1916870848,1801953785
1309011091,M,M,Primary,878716323,GoVd,997054292,2145795700,1061466891
1712475186,M,M,L_imCry,2012364842,Gor^,1243917642,960578095,712715114
853037881,M,a,P!nmk7y,1279197318,`s.l,1942975399,1436063037,1288532016
1507760433,M,M,Primary,1853746232,#*od,390113022,156033196,1112193656
383441639,M,M,,793990247,Goo^,,1746815399,442478164
972063723,M,M,Primary,929443449,G~oO,791884559,471352486,357476773
1977309678,M,j,Prrmary,430751281,G|od,1881974002,1314000076,963783710
,M,M,P7imar-,1376821548,moo7,747537622,663893060,757121453
1346128056,M,W,PrimAc+,204861063,,874386733,1393000478,1140710985
3530560,M,M,PG9ma)y,428760250,uoo*,1012241099,1063447612,2126886975
1576483724,\,M,lrimai1,79767531,~ood,0.0,,
560051352,M,',,434231581,d=oM,1264484250,84173110,8098068
769051131,M,M,Primary,103034114,QWod,1515576901,375880148,613210916
566171022,A,^,Primary,667987409,x&om,1675368767,526611444,1075509743
1529579138,Z,B,irimary,1758302813,<rVd,1206379247,1802867793,5047682
269951157,M,M,Primary,,,1672070068,265291505,1918931993
1805672395,M,W,>XDmY0y,,GCoi,1495192001,918682127,1800934272
1503808806,M,M,PriHaey,1696036019,IIod,1732104846,652122915,1117932078
1562773279,M,[,PriS1ry,2095689692,,1017434057,570965541,395695232
2040320855,M,M,Primary,688486335,Good,2026900611,781010967,964316836
606487163,l,W,1risx~],1622609395,#o:l,1404658252,134062317,2083282261
2106223601,M,;,Primary,1702356836,yood,1134450220,1877912191,1659671812
1106478774,g,T,PeiKa+J,1849049668,Go@w,1174469906,1347859717,1328852124
322009306,b,M,yKiAmRy,681630526,,917711489,1434738319,623521054
414295765,M,M,hrr#asy,1780751119,Good,829217965,1470007044,1910678441
1723883758,j,e,PrSma.y,2047557170,YoSw,1678805395,164835334,500499456
,M,M,P9JmqIO,563046336,&ood,1390770339,920790082,191694156
1662295454,M,M,Primary,1922811747,G+C!,1901677826,641565906,1793266826
976602567,M,V,PriDs)y,185635849,,1332125198,1536962303,137704953
1716230512,M,M,Primary,1156767870,/#o-,1757695806,1900158458,765053698
1546585796,M,M,Prima@y,1505296946,vood,401850746,1263748068,676513507
861505245,M,M,Primar},1018367540,Goo@,794405799,2044609572,1932544003
157819946,M,M,D^nkart,2145830200,Go6x,1120148266,1620955721,9747628
446730952,M,6,,228632445,Foo\,127796164,293115207,
802990210,M,M,Primary,1008084704,_ood,748838083,461035367,284900591
,M,M,Pp<4hXy,506460895,Gord,686968767,173618647,404857449
872106079,M,M,Primary,,zmRd,311987244,1902546088,232968779
1390169477,_,$,"OsSaC9,1444442458,DMGP,2850385,1059302557,1605434246
191427045,M,C,PrIm/ry,2001541180,qho!,1756575068,928462503,2109617639
2082825359,M,{,Pr|mOy0,73912567,u{od,14452283,1651707528,1597182804
2057373570,,M,Pri[Q5y,1925373563,1bo=,2131306663,569361039,1194423373
1622650026,M,M,5rimary,1945489578,Gook,487314550,263750586,2064632601
550950937,(,M,Prima(@,1296367808,G8=J,1283727826,1016691209,