187760412,2118297310,542852941,797151498,65378259,1770688742,1773941425,,178475858,957010457,627414757,938055877,189693587,159425176,1786846294,1894182450,319674141,120499498,1.65049843E9,4.4398656E8,1.28267456E9,1.98620224E9,4.92101184E8,8.2383128E7,8.5467149E8,2.14614758E9,7.4086701E8,1.35249958E9,1.93570816E9,7.7729382E8,1.16101274E9,9.6290285E8,1.65819034E9,658278224
19990773,2063030446,,609483854,1170150020,2042124174,1022490913,872286830,1878074728,973693127,1740639125,570047812,866452418,1280589519,1694872558,270171704,361207186,1910227602,5.15341632E8,1.17656346E9,1.62837926E9,1.67366976E8,1.85483341E9,2.02488909E9,8.620976E7,6.9057978E8,1.1530743E9,1.78074662E9,1.12031104E9,5.3864128E8,1.13965325E9,5.11688256E8,9.5862477E8,751280316
5151256,,671960004,1996560362,752570233,1626592328,597638139,498128888,1810353089,395241241,1171150593,1067914204,1013431256,518135361,1449879871,1317140336,1843262511,1274870861,1.79221094E9,1.69916557E9,9.9855475E8,2.76263936E8,1.88459443E9,,6.4580474E8,4.6959872E8,1.48674778E9,1.5192E9,1797,4.9314912E7,1.86404992E9,8.1113312E8,1.06937248E9,1480606156
1637668697,578385821,537712502,635055679,1598033690,478073221,558753851,2054521584,2016048528,1784253085,1480179614,,1425476164,295645950,394748760,1101910602,81964669,167598255,1.89169651E9,2.08547088E8,2.08136179E9,1.43247846E9,7.5680909E8,9.7007277E8,1.12990093E9,5.21515296E8,1.76839603E9,1.14850227E9,2.10623462E9,1.39567731E9,2.0606936E8,7.9110552E7,1.99962381E9,378775335
1834647428,2059312869,1558576800,1107727812,1426697202,1084372428,1703427229,1839281886,1386938378,39616561,1912654168,1376345978,589593480,1564924924,123468381,860871875,1134544924,481290453,1.2857783E9,1.97026867E9,1.77414288E8,1.74847181E9,1.91785267E9,1.95789862E9,1.62638195E9,5.0880788E7,4.1213328E8,1.15776026E9,1.48797248E8,1.5936992E9,2415,4.20153088E8,3.8240528E8,930233561
377941711,1608759615,1450102491,1273557531,1866807931,2122334056,337239054,493492291,526128318,1229047151,1745653493,1380148301,292995463,999339303,1677985158,1758560453,114812763,2121419584,1.81480128E9,1.16363738E9,6.5391776E8,2.00958707E9,5.9967942E8,4.9439424E8,1.93220224E9,5.7099398E8,6.9398022E8,2.06899891E9,2.14084493E9,8.8613536E7,7.2176333E8,1.67792934E9,8.2527789E8,772217144
1137573144,963877867,223125591,707153326,1066765265,916347675,1517601182,1073121556,1156701552,1744694132,40455119,1368482221,2094821831,1877405582,,1599890601,1271404719,,1.04595834E9,1.27152666E9,2.83207616E8,1.02998342E9,2.04457216E9,9.1540883E8,1.76765094E9,1.96288691E9,3.60751328E8,1.54495539E9,1.67907981E9,8.54392E8,,6.473796E7,4.4356576E8,1794397727
1897998532,1341989499,28374554,186785525,1469972570,1076753229,1486057504,580097615,85506911,645597739,9682936,1277908979,936946147,1038704204,1589219373,766091312,866807763,666968973,6.707959E8,1.42457485E9,1.36300147E9,1.81064256E9,1.78313504E8,1.9013776E8,1.342084E8,8.0028872E7,2.40547376E8,1.08524826E9,2.13784112E8,5.215894E7,,2469,1.9384752E8,1738904828
1699822506,2060648308,,1856567835,1766548758,984461363,1576573165,1929807311,404394850,266227069,975610331,,,1357364711,880760168,1871381289,899803470,1924974972,6.4207994E8,1.64675248E8,6.865111E8,1.5758583E9,1.01797888E9,,1.99855667E9,4.0852288E8,6.9509414E8,1.48888858E9,9.2006093E8,1.21497472E9,2.03066445E9,,6.4360544E8,107288333
689286954,1317436219,,993981051,2006978741,991741369,,1818760350,581501196,166151139,2085000150,1517234769,88872080,1001766232,1059573014,1467069158,1955221727,128264845,1.24362214E9,1.99318669E9,1.44006016E9,6.8833728E8,1.91572634E9,1.08395251E9,1.97866432E9,1.58909389E9,2.06001946E9,2.01453734E9,1.35958541E9,1.60445376E9,1.01882048E9,3.8041072E8,7.2877165E8,150172828
1691852433,1839046115,1073855279,291487779,1361999055,2009027928,1206641012,1107600982,945782828,750090523,126582449,46181858,1738943613,167650484,2146740024,1062297115,548537230,2133425692,2.11911936E9,6.8635642E8,1.9166752E9,1.14546675E9,1.11898688E9,757,1.11961485E9,,0,6.805704E7,2.00691174E9,3.91756928E8,9.3139226E8,1.66930573E9,7.6957613E8,2011271227
1047402800,507113912,2049671939,997707278,401121220,3507.0,1178939712,1233072594,250267271,765934571,674338987,105133978,1845475693,238098834,22341720,883437419,1289809919,247149000,1.59131686E9,1.70275315E9,128,3.3497984E8,3.54001632E8,9.8090317E8,7.6478982E8,3.57382048E8,2.11790618E9,3.85504192E8,1.4508023E9,8.554057E8,7.6166413E8,2.10496806E9,1.65775104E9,1921254397
,2451230.0,848126749,1841197825,613292835,1805933900,1492700965,1221997606,2115206964,1808113077,1586576393,1152489066,820885944,1425476514,1084072645,1401281768,1981584984,1108143892,7.4294778E8,1.36449088E9,8.1984032E8,9.2991048E7,3.50763456E8,5.04502176E8,1.09743488E9,6.1197882E8,1.30036237E9,1.41036685E9,7.0975149E8,1.29487936E9,1.15971341E9,9.1194246E8,2.01607322E9,772469212
1705265953,1715739592,380344270,1067737223,,436980037,905375627,572796951,1521359212,1610561421,1313100202,1742709287,1408105848,1.0,919858053,224.0,294422949,306127678,1.46743539E9,1.31051622E9,1.48146099E9,1.19090509E9,3.69476032E8,1.17801882E9,1932,1.03661274E9,9.2053754E8,2.90416544E8,1.82697968E8,1.54881024E9,6.5966336E8,1.49975795E9,1.49401165E9,2018816603
1155812265,1259775123,2062709664,1412546027,831453563,2050677899,1103768548,1416683284,1412896665,1031677905,1303679640,2063507073,217897536,1345326851,973411463,909173803,405838135,1128238565,8.3534387E8,9.621833E8,1.91417136E8,2.43353264E8,2.08257037E9,1.67299968E9,3.143742E7,1.26502285E9,8.8661427E8,2.08025318E9,3.39818912E8,8.0625254E8,1.33259955E9,1.04011571E9,1.76575104E9,57149959
1311843053,1562356252,1544735052,,1906354848,598797686,496670245,2090451050,1164916188,2092912505,485735267,11750992,481936428,204272611,274459585,1215039411,904525776,568699134,7.0395968E8,1.14533798E9,6.6402035E8,1.84975437E9,1.27170227E9,2.05196352E9,1.511392E9,1.05530797E9,4.2217656E7,9.080432E8,1.39817344E9,1851,2442000.8,2.99204224E8,1.80621184E9,701914458
1557535367,408212887,130914528,610649394,1970928737,226409947,167272213,1267960105,904090076,178131819,1727234946,32358156,126815119,234108913,594059914,183315849,801561097,1299017279,6.4096896E8,2.08125171E9,3.1160704E8,1.68289446E9,1.77411098E9,1.59619891E9,1932,7.7707174E8,7.3747475E8,,1.69780518E9,6.9112416E8,5.00818592E8,8.2808582E8,1.75370912E8,334249657
416896392,666959666,1358265619,464001274,1454975394,1476499428,825921988,1059507196,1476422655,793846695,268739127,1356654619,1811192861,799932269,1053696057,,744553147,,1.03898816E9,1.97163546E9,9.3617434E8,1.03619994E9,2.10603712E9,,4.96742624E8,9.7406739E8,0,5.4953933E8,,1.87659315E9,2.8550976E8,7.7335782E8,2.1999976E8,766455368
1810704185,1089945054,1961374771,1546681368,,,346047672,254540850,89582304,1170820435,268240561,1753580357,1628290774,2008596233,1483183632,1923733223,1647913345,390991616,5.31093856E8,3.71584928E8,1.4592649E9,,3.71289216E8,3.81551328E8,4.1324752E8,4.3621712E8,1.63733043E9,1.52792064E9,1.99370176E9,1.32910694E9,4.54127008E8,2469,7.8298835E8,46418985
1264191755,427458282,,1411493965,23361225,134380066,400007788,1349492283,1582653627,1744845556,2088476230,1928602680,,833189961,246351756,1069366950,1900383923,1175337379,1.99462118E9,8.3863928E7,1.97241677E9,1.5954953E9,2.05684698E9,1.23417818E9,1.65298944E9,1.27925064E8,1.45089651E9,8.3202195E8,1.84894144E9,6.2410893E8,7.2420973E8,4.8414704E8,1.1398519E9,861787882
436610162,1320193558,2067964839,1018914990,46506313,484727147,1092050399,1305129785,852314145,,1902529967,1040777269,114096610,,1062269175,2100199978,853545850,407561011,2.0527127E9,1.17474688E9,9.5932589E8,1.61735456E8,3.47511552E8,1.70503782E9,9.3366822E8,1.17368934E9,1.60320307E9,1.09668698E9,1.05259437E9,1.5846615E9,2.01074509E9,1.65597645E9,1.86899424E8,392326861
1419438320,1747963815,1846815622,458848685,1114296101,104899597,739266665,195426515,799343024,1661790866,1471553240,1841597792,115081057,1036788466,1793514390,397158278,1728973357,466127191,7.6913197E8,1.9450263E9,6.663577E8,1.1314647E9,1.91883072E8,1.32876826E9,2.40336832E8,,3.57192416E8,5.7232368E7,4.45651488E8,,6.7027021E8,4.5168032E8,1.29472781E9,1667393052
1580602525,2015407904,803309703,105817995,161723852,1979849591,227506403,634940268,695247302,1631026827,1633596694,1691196478,1181320333,940140492,1726426108,356234434,2016455669,735477248,1.69575424E9,1.66476672E9,2.13892314E9,135,1.0295188E8,1.51167808E9,3.07149248E8,3.59665984E8,1.46514701E9,9.1170982E8,9.4597747E8,1.16522701E9,7.9474285E8,1.5389177E7,3.42046816E8,2113313683
1418231915,1801833776,,,558769.0,1043973975,136245080,1707896257,2031244422,998404459,1723929375,1895436307,1983476540,926568628,856758702,1335733431,1007755393,935802761,9.799143E8,1.56805616E8,1.35081843E9,4.13009376E8,1.58856115E9,1.97112589E9,1.50687347E9,1.5821289E9,5.4936403E8,3.12322656E8,4.69494304E8,9.0707981E8,1.29786867E9,7.5988998E8,1.4689449E9,872096618
1824481838,1466456959,1649875769,258243692,654889514,1778342235,256703360,1612719919,1790514202,1414615999,,2142101984,721719607,252087343,175830916,392876389,1769464824,1313862692,1.0831607E9,1.43828173E9,6.6759174E8,4.989522E7,5.2034688E8,3.24989248E8,2.89224416E8,6.7564454E8,1.09037491E9,1.87191885E9,1.67656589E9,1.4567017E9,2.62131584E8,1.2743305E9,5.33563008E8,765945997
912995110,732924328,1231726221,479309872,1792226765,74536205,1240846910,1956114451,1822528281,1920398887,1894062240,186480696,1450905232,1825829319,1517050614,1828573356,523645995,2042707106,1.54514829E9,1.94876442E9,2.01677606E9,1.29262104E8,7.782968E7,1.38469926E9,3.82977184E8,1.83502899E9,1.32014605E9,1.0157184E9,9.8587334E8,1.27865728E9,1.67742298E9,1.83555238E9,2.11666624E9,916513085
615190881,2068506306,1264206314,,1554650447,,57011894,1232607844,2061869656,2028472558,418980162,1458412790,78869432,,1002622583,1848188259,1210282443,1782115132,1.89567898E9,1.49130688E9,9.022521E8,1.53613222E9,2.12743155E9,3.76134112E8,1.78234816E9,4.39769696E8,1.8261527E9,1.28310144E8,7.5357965E8,1.66435392E9,1.86731366E9,9.8677744E7,1039,1195382486
450896411,,1632941972,1179879552,1708671399,553153278,1071210030,322404381,1942583934,2760733,1944052287,1091777395,,992592591,862687361,1905681716,1151093162,1094922985,1.49315994E9,1.34324045E9,1.09755315E9,3.76291008E8,1.09219597E9,1.64028646E9,2.55201824E8,7.7704154E8,9.4502496E8,1.25753498E9,3.05290144E8,1.99265242E9,3.32287392E8,1.58771354E9,1.81191693E9,915893377
1519508420,796343851,1325085542,1654154033,1442363381,1109513989,1440700616,2021892246,1086133829,1007617011,838054441,1795283292,1861411330,597724947,165878227,1843963402,1683254136,436421439,2.3990464E8,5.6518054E8,1.30241549E9,1.90190707E9,2.130688E9,1.29813094E9,1.58216435E9,1.699808E9,1.68768346E9,2.4066776E8,1.64395354E9,5.05054368E8,1.41483046E9,1.83219571E9,1.87023501E9,771699993
1503517560,1855127184,1026292959,128343311,1729107347,1808699487,2022924233,953232112,657838253,218657639,20181734,,,60082501,1458873267,1376827928,1147447838,1745897913,7.3354656E8,,1.38350822E9,3.94555232E8,1.89726618E9,6.5599584E8,1.30379738E9,5.5436112E7,1.28780762E9,1.24225907E9,7.8564256E8,1.95627264E9,1.56835085E9,1.8917641E9,1.91709427E9,1197435300
725035939,1502022098,623469832,119698787,319991142,1302907761,808039074,305087780,1992771516,1580059004,1494495430,977971876,549434231,397573098,909438779,244670832,1382547063,1303149673,1.08576218E9,1.25477466E9,1.18993331E9,1.68244557E9,9.3447488E8,8.7888397E8,1.14170214E9,1.46525056E9,9.5743162E8,1.6655744E9,1.27691123E9,2.12489728E9,5.4620762E8,5.4292589E8,9.7646528E8,641468435
1260663950,1010659632,414064335,2147032529,1041385356,1672428264,2103012466,1513744665,1653578528,712091886,279649696,1860622350,421621123,2101921242,703852554,1195104936,1653915882,457719084,2.04650928E8,1.3997592E8,1.50671898E9,2.21318208E8,1.02523776E9,1.91762381E9,1.44948496E8,9.7224346E8,1.75491072E9,4.459E8,1.04736368E8,,7.3121421E8,1.46815936E9,1.87312794E9,1226708909
1246807519,1478322601,1191623623,399007815,1247172037,585737197,1669360887,846149585,,233845657,1576055670,299104653,2104570592,828097055,1677519976,740434528,2067068762,664313286,1.99982515E9,5.2532048E8,1.5681737E9,135,1797,2.0727936E9,1.4384905E9,9.2251738E8,3.33086208E8,7.1180736E8,7.9011469E8,4.6506704E8,1.06032397E9,2.11702515E9,1.25037414E9,1700760785
133385737,1375173446,509250600,633765856,1066623023,,882172012,942566042,1861300235,1352618251,1744487696,388087386,175426207,475256007,667328840,,1930329941,771103973,2.52864432E8,2.95140768E8,1.83008256E9,135,1.65731008E9,9.6388826E8,7.7762259E8,1.79695475E9,7.093572E7,7.6465184E8,1.94119258E9,9.6464205E8,8.5079302E8,1.63263411E9,2.08614746E9,1417002155
454473662,2050360248,759416639,2080053743,1206913284,730094586,27045.0,1082166502,2025212014,381724581,1171725569,119238195,431490126,440777294,1247722062,1934184344,694773794,211229491,8.3190234E8,5.6686836E7,1.6451927E9,3.86896928E8,9.5524192E8,2.09059226E9,1.90005216E8,1.11074714E9,2.10605363E9,1.59894912E9,1.36998195E9,1.5848192E9,1.28384307E9,3.21859456E8,1039,929242638
394273937,1052472395,,2126364974,1379089873,587489091,1337203935,1505297867,1667304419,1425575190,1947900149,1436282915,1496919443,935876205,642402495,322140389,1343287759,1745090823,6.6417088E8,1.90092941E9,1.48915494E9,135,9.4375066E8,1.24227187E9,3.22099968E8,,1.8441129E9,1.66850918E9,2.92986752E8,7.2033318E8,1.33346496E9,1.30066637E9,2.54632048E8,1535462539
1204940343,903519049,1062114936,,1453483939,1465920386,1315752390,469380933,1151112989,1625744751,1860426928,1013790703,1149109308,1593451869,,,1138061656,513387537,1.43671206E9,1.20222362E9,8.4144026E8,1.31242995E9,6.0881542E8,1.68781568E9,5.22100256E8,,4.60548448E8,6.4474176E8,1.73238592E9,6.9531296E8,2.5097696E8,1.09770048E9,1.16521178E9,1261147255
1691158628,1381826686,1537331331,,887202738,1036304272,1972350721,1315416714,24599531,1735377389,884383243,750451184,1344013009,1027241494,576889890,473723783,1098264467,261692111,4.95988928E8,1.92844749E9,5.23311616E8,5.11957888E8,6.468393E8,1.55182349E9,4.01619904E8,3.3641616E8,,,1.43281395E9,1851,1.00192576E8,6.8685363E8,1.40153702E9,354063933
1641484160,660827175,,379720623,1573046815,,42119576,1063974922,1808844366,1235586831,2055166110,1188726334,58861210,351818265,609159105,720109098,1139244048,78539031,1.55476045E9,2.00657882E9,9.7646573E8,,1.15806797E9,1.99169869E9,9.07656E8,1.02747898E9,1.70049293E9,1.41512013E9,5454198.5,1.40503283E9,3.09466432E8,1.99329549E9,1.14001304E8,1942513648
1406038826,1332938470,136417185,1608403008,518110727,,1121488826,128310073,1518840186,187766114,1875686138,1379892378,1978641011,1924044563,1073542088,351856052,524507537,893565309,1.06479008E9,138,1.69705754E9,1.85944973E9,2.0771808E9,7.5211136E8,4.3596912E8,1.42735984E8,6.9717702E8,1.28676544E9,1.45801536E9,1.5143209E9,1.98934118E9,2469,9.2769107E8,1447471849
572087183,290340644,1851192393,2009620321,291019799,1976450720,2136254170,987366367,1916092164,737246511,1923144577,1342116848,1425702114,652418147,1023741721,1104477231,1608644917,1300402374,1.6690692E7,1.92366566E9,1.04475718E9,1.34461978E9,1.34943322E9,1.3393577E9,1.9559712E9,1.9639552E8,5.07578464E8,,7.9998176E8,1.30738992E8,,5.7498944E8,3.98774144E8,836582632
1000938676,1836733663,1012243683,565276381,,1090656068,600954297,879303519,235774940,82002102,2120725255,388515571,2010061373,1821780300,1905739613,573548476,1501707000,598653539,8.7478381E8,1.75653427E9,2.07872144E8,1.44494886E9,5.6797357E8,3.03489472E8,2.2757404E7,53,1.68061008E8,2.61847552E8,5.06214848E8,1.07434928E8,9.8560986E8,2.74843328E8,1.83057946E9,711706604
1519362863,216807899,373167849,1368317448,52770717~39355008,1120471790,302828968,2020366192,857621569,697435065,790097762,1535972135,298217401,1981999761,320498312,1427491663,883532405,2.95834784E8,3.05223232E8,3.02751072E8,1.47928909E9,9.4586227E8,6.494521E8,2.04867302E9,1.57812211E9,5.12759968E8,2.02666528E8,1.18742067E9,1.6521129E9,6.4923206E8,8.1586096E7,2.24135248E8,1964182639
570393942,91875486,29789652,1541699502,1167420489,2142461056,1316187755,1918601782,,107568742,446007308,1393644372,10.0,1769475710,609913015,99356211,768116698,99851887,4.54411648E8,1.1481879E9,8.1736166E8,8.3782266E8,1.42799642E9,1.62169459E9,1.99921549E9,1.23931571E9,2.45559808E8,6.7830048E8,4.91919392E8,1.16479392E8,1.74013146E9,2.03411418E9,1.96977997E9,1462564086
1618950937,1927598134,,643231816,12885395,1002387964,1739997900,579590150,910533800,1738709459,2227383,331751142,552367393,,1459493705,1888904629,1738848473,,1.19511091E9,1.35301261E9,4.13318592E8,135,1.08741709E9,5.8193568E8,,1.27107456E8,,,1.20441894E9,1.34563866E9,3.40157632E8,,5.506009E8,1865786987
1556422422,460133521,1903830944,571243288,1031645788,1590402070,676070966,1526495667,1727819948,1023346014,352512140,1279788588,405807891,1.0,475098880,1938626447,1887499426,587894422,1.97184512E9,6.2747123E8,2.76808896E8,1.0002983E9,2.09816038E9,1.94844442E9,2.9343488E8,1.68063232E9,1.77348186E9,8.6083002E8,2.10654349E9,1.14035763E9,1.1578281E9,1.11819238E9,8.1761766E8,228217130
1056015603,1646310892,1193602886,1858695218,211182235,,536565718,513403072,262215205,2022044660,46044.0,1292187208,1449901320,126585991,683079580,271660710,780056979,192437189,54,138,8.3545312E8,6.5356723E8,7.6202099E8,2.10361907E9,,1.99544499E9,3.42997728E8,1.02605312E9,1797,,1.45414106E9,4.61824352E8,2.90532064E8,1737096581
73386144,1144770227,1766911793,1856828960,1692685988,741418472,444080955,1835278943,1704574570,538522459,1836845580,151960611,65527397,1505417025,1961534453,738524482,1441491114,1545916247,2.08103456E8,1.17038682E9,1.69777638E9,1.0805239E9,2.5595898E7,1.19312832E9,1.45719386E9,1.02925037E9,1.23712858E9,7.4980294E8,1.35588352E9,1.79003981E9,1.16810138E9,4.40746016E8,2.2185896E8,44154161
1121645222,82300060,1676798949,1693478847,193562846,420130269,1622579940,369488330,1830650211,1574709753,35261025,557530668,120098659,797812409,643412756,2136792897,132716451,1851386275,1.38459405E9,,7.7155866E8,6.3311251E8,2.06905754E9,5.4455462E8,6.7736288E8,7.3338381E8,1.65783962E9,1.97540134E9,1.85638029E9,1.37784102E9,8.2612979E8,3.05808352E8,1.81820192E8,1448417330
335609819,567292392,,1716860495,132200160,1800239823,601626460,,1924651284,221270843,1562167252,503105367,1322477744,1388392775,1920702525,1636923087,918466075,1641423672,9.3782989E8,1.81878067E9,1.08594931E9,4.56370528E8,1.64876122E9,1.77196454E9,1.5212384E9,1.55382771E9,,1.9172585E9,3.8842624E8,4.4412736E8,1.68160384E8,3.91890528E8,7.8436026E8,632051243
2047799208,1642179553,831283889,460843093,1706971318,436822360,164036973,983029052,138947546,802414839,805726955,1627137623,157441920,2034747836,118803556,1737982391,1393502755,570714492,2.00811085E9,2.11321446E9,1.57955853E9,1.97846042E9,1.86045427E9,9.2426202E8,1.94016909E9,1.25046682E9,1.96663168E9,1.1274185E9,4.65920448E8,4.7115836E7,1.13411488E8,1.22397286E9,2.02966144E9,857645643
694986785,929147301,2075032210,1915870891,276482142,118697757,452153675,2095873805,,1716423946,1689339189,304167200,,1035291877,2110567359,674491990,59253385,112678349,5.5818502E8,1.41384755E9,1.91980454E9,1.71049792E8,1.41036224E9,7.5613363E8,,,0,7.1216717E8,4.62210848E8,6.2955962E8,2.36432336E8,1.89447872E9,1.57624998E9,1895379668
1727393917,213055567,1523278019,61749743,712765557,1466955088,686220550,60518052,517823346,2005270107,419744240,405431690,2027703956,1263480906,805100239,1716808889,858546897,1199215048,7.8486438E8,2.62828064E8,3.32512832E8,1.28350182E9,1.72746982E9,1.50276634E9,1.58685325E9,9.1044454E8,1.83477222E9,7.2679238E8,6.0486118E8,2.03437837E9,9.7935949E8,1.49047782E9,1.40026419E9,1562016790
1164591601,666960262,1055684639,108886767,1021417318,1869917392,503228505,1431287239,1832725969,1694413843,437826242,1993656541,31830996,1369531006,2024668712,1055640582,1201301461,37345426,7.5888826E8,1.7503776E9,8.4476902E8,1.3094135E9,1.41343642E9,1.57755456E9,1.24868211E9,1.21280944E8,1.12720653E9,3.77259872E8,4.44261152E8,6.2887494E8,1.67566128E8,2.0224009E9,1.87103347E9,751441933
650301078,1920459255,539500339,,1759132617,773620802,104337596,545814654,1659726650,1149578381,2112059124,246050172,749239252,1366675430,1770890588,1212997722,,564136248,1.3187625E9,,2.81025024E8,2.01271706E9,1.71640672E8,2.08560589E9,1.33593728E9,1.54455885E9,3.17700896E8,1.72541146E9,2.10252416E9,9.5342554E8,9.202679E8,6.4378694E8,3.4487648E8,1666000185
1133015079,715781247,513685823,292567271,1046895397,1228596127,1501087911,1324127723,2008178172,108154996,22605187,1393610894,865399040,260154449,357085899,763852192,639286648,1252054221,1.42527718E9,1.23151117E9,1.53281984E8,1.79828864E9,2.04489178E9,1.22042086E9,1.3542935E9,3.70241184E8,9.0870995E8,1.30267866E9,6.1688282E8,1851,1.55532314E9,4.58556672E8,4.08163744E8,1140589052
182819500,1786784333,,813161256,1322963475,28741416,1620431083,1562338634,742842114,751528231,446513244,1704190171,698874712,1990608644,864970951,1123395659,1034084130,1853122688,1.17708454E9,7.0681683E8,1.8168E8,1.21950771E9,1.31479066E9,1.22225165E9,1.18096307E9,4.41277376E8,2.39325776E8,1.0017511E9,1.22746022E9,1.0401433E9,2.19045952E8,1.10486438E9,1.52193648E8,1892839934
1896076930,416923816,290218779,1819222989,857256701,1520726402,1297180416,1800570316,1735186952,1603694548,250093857,1132356484,1579569480,1924934559,1557591227,799207039,806937013,324948201,2.78211072E8,9.3562432E8,4.99343648E8,1.81566605E9,1.64399322E9,1.63768947E9,1.09391578E9,1.49431696E8,1.53307302E9,4.28771872E8,1.35753382E9,9.7886598E8,7.1708634E8,4.98213984E8,7.364704E7,103812772
229287373,297088976,1392639501,1629309552,14091452,266636075,924253313,565548155,997591992,1030994483,79474157,547715604,57535420,1564405987,528670134,963257962,2075291661,1769093450,,5.712704E8,1.6454903E9,1.5751894E7,4.82802784E8,6.3978886E8,7.4692358E8,5.4464461E8,1.95438771E9,8.8116467E8,1797,1.8449112E8,1.52092147E9,1.41792368E8,1.7777129E9,1807683265
1997264862,1121394007,245903668,807546638,1612167157,945172679,340251791,136720352,109043582,1367053015,17505295,880776405,1442434452,1660822554,1314806502,1943491240,2072636336,829314938,2.06721126E9,8.7408749E8,1196182.4,1.09054733E9,1.25207014E9,,1.56491917E9,1.98006938E9,5.02886304E8,3.59881792E8,1.40320998E9,9.2076237E8,1.13278426E9,6.7558419E8,,1297966728
760360281,260856440,1520746966,1557820766,1283744121,1824000367,2143115348,951657151,1906045320,362744071,1457445068,1730880746,396651070,1380060186,1659958651,1864184832,1015310330,633181962,3.05612608E8,1.98259917E9,8.3098848E8,135,1.35662989E9,4.165784E8,2.9229834E7,2.13034202E9,7.572631E8,1.24802726E9,8.321399E8,1.94146906E9,7.2019942E8,8.5270208E8,1.9115872E9,
1232776700,797265195,938975777,1385660217,1708638370,1260392366,489645091,462080212,56283058,473734731,870930018,430909887,1394915487,1235184388,1632420061,947300090,125.0,1923276884,1.65269504E9,4.71562688E8,1.64966438E9,5.09781056E8,2.05473968E8,9.6078752E8,1.9767511E9,1.75255664E8,3.42116352E8,2.79226592E8,8.9415002E8,,1.47715085E9,1.88728717E9,2.9103224E7,1554752615
1733620668,314509012,543254401,1746599499,1222933325,43763233,160057649,60365023,1170563596,1165297781,1335997324,633539066,,1533942920,955847828,1576505042,979918076,1894301291,2.2442256E8,9.6683091E8,1.79566118E9,2.02548941E9,1.19256486E9,7.8834342E8,9.6441466E8,1.44641549E9,4.40300992E8,2.01127283E9,4.99378016E8,2.46501312E8,1.39209754E9,9.2182515E8,4.90144096E8,999613350
1918104682,1330676041,1550605625,645748226,1748078113,112727126,588758123,,1243586351,443878895,188900387,1204428870,67359946,1604126695,266373708,1581097857,2084393468,1214583564,1.70890842E9,3.6762352E8,7.7611853E8,1.28070246E9,1.68928678E9,1.99213466E9,1.5227552E9,1.96764659E9,1.07059424E9,1.72655104E9,1.2150313E9,6.0106675E8,1.90416486E9,1.20977754E9,1.55654E8,1069755785
1697471939,1124062454,512101255,54384.0,1604861427,96781524,106209234,1290077065,1680642911,833539139,251403518,830994598,1413290390,1382966246,145265712,396809606,297686108,846085187,1.78210867E9,1.31741286E9,1.2326722E7,1.59953459E9,1.22651725E9,2.04736102E9,1.31685069E9,1.98961344E9,1.31202547E9,618,2.1164896E9,1.5756777E9,1.02995878E9,1.91571686E9,6.5359654E8,659613733
1423907886,1156152877,,1198721108,728442217,1003445646,1463079762,712716302,1079620939,1482079164,1262134044,473374970,16817739,2016406434,181615344,668250013,707248023,1633640103,1.93688128E9,1.23320486E9,5.8770054E8,1.36079936E9,1.77244198E9,4.31763584E8,3.8621504E8,4.2271456E8,1.31546432E9,1.22050112E9,4.13049856E8,3.69963808E8,3.35469888E8,8.788672E8,5.9216256E8,1103178760
574707604,243860600,535443036,1793927580,1786792078,1936753344,347465023,15568.0,322836386,1060006062,2134133903,364542765,872159368,1791071448,1718100950,2041989909,1795779231,547723491,1.23200602E9,9.250041E8,2.2824608E8,1.53626701E9,6.8063821E8,2.08106768E8,1.18501005E9,5.00977344E8,7.2799728E7,1.66032282E9,1.93127424E8,1.19730675E9,2.7758688E8,1.27215475E9,1.27027277E9,
1494361637,1255647565,1078801069,1941362165,1870835739,581415391,1898823589,2047490864,319364997,1025565910,1277125612,2021942671,396962477,33736698,99658669,1409034663,1546751360,582873483,2.11050483E9,7.8943725E8,7.6207347E8,8.8753843E8,1.0809088E9,8.5477773E8,1.56032294E9,1.05303571E9,1.91219827E9,3.02491264E8,9.9300518E8,8.758761E8,8.2551238E8,5.0827696E7,9.9871386E8,1091934218
469715876,708899161,134263034,1427089970,652219632,1537692187,879015622,834383647,60734284,1437073980,799447828,1339341314,1133188000,1904648995,1000286985,131944021,466907201,519106812,54,7.7251347E8,1.69535206E9,2.96724448E8,7.5750995E8,1.27490957E9,1.56018483E9,2.11701018E9,3.38859488E8,1.36482611E9,1.40872832E9,1851,1.04968736E9,6.8581158E8,,44364583
357323815,1476300579,,1343213477,1462612044,1477641365,,1735331468,55657288,1568725332,1598027621,885059466,257056021,246866351,842985304,568213058,1613002673,1858510555,1.51041766E9,1.13163392E9,8.1578464E8,2.06425395E9,6.4878221E8,757,1.64629632E8,7.1429965E8,2.03142605E9,1.12360525E9,9.654793E8,4.2956652E7,1.54686118E9,1.35927245E9,1.98933696E9,1431835660
165298734,1880329567,1059175399,662215077,1265373160,1436398750,1959692072,832573405,261153476,2030808733,344486708,2046888785,1590197362,476929528,1465030365,949769040,1864881356,1304055393,1.46311014E9,1.44659917E9,4.28141152E8,1.91746803E9,1.21823296E8,1.29955789E9,5.36001408E8,8.4260506E8,1.94786384E8,2.50458544E8,1.21453363E9,1.93870608E8,1.56013363E9,1.46796528E8,8.8388026E8,37351095
1791815808,2065121754,,24709889,1610824986,1138066501,592957115,856819202,1144164277,2138660455,881499451,64818970,,1776903342,1378874800,2135082245,652215477,930585542,,1.88426202E9,1.24138714E9,1.69696397E9,1.57798554E9~,1.70731728E8,3.4861452E7,9.0893894E8,1.97398554E9,1.8788384E9,3.35383712E8,1.90980256E8,1.73005392E8,1.62649907E9,1771481259
626713104,551898342,,740482913,1060573310,933947296,2023450035,1005861189,1933422858,891326437,1828582705,1801154782,2022716304,1572221458,938642521,664061560,1959617011,1352466909,2.84452832E8,8.2144954E8,1.22640934E9,1.30327846E9,5.7095008E8,2.0520439E9,1.00277619E9,4.0774336E8,1.21315072E9,7.8616602E8,,1.2950185E9,,5.9092156E7,1.17192333E9,715046386
652536736,1093548773,1193462144,,1959319253,296378383,1158534750,534357814,2018769530,1632245532,148798951,685169736,1390402753,1440968748,1922745962,,1377776126,818666770,8.8461312E8,1.76269747E9,8.6456672E8,5.35058592E8,2.13473843E9,1.62571392E9,4.699324E7,2.03820262E9,1.96649242E9,2.09869824E9,4919232.5,7.549648E8,1.8939785E9,1.11904512E9,,775008904
10896056,1915461234,715866896,1251027197,198503526,1717104695,2141133951,352517292,603057927,,55691232,1905897432,1625882672,1756556595,500090795,2088794356,382778210,794200267,1.63727526E9,6.326217E8,1.04592755E9,4.73549408E8,,8.4181818E8,8.0419264E8,,8.1710856E7,2.10690445E9,7.5779213E8,1.65077632E9,1.59407142E9,1.72571315E9,2.3319368E8,608821441
790897709,966780512,304628522,139576355,1340935120,254368604,353592605,758102820,1123667320,2110059308,1786198961,159754402,1465704546,140942085,581815364,531374078,403141051,124563025,2.08370752E9,7.3866637E8,1.88608627E9,135,1.14191048E8,2.06099686E9,1.34934451E9,3.65722016E8,8.5101587E8,6.3882707E8,4.80534592E8,1.64967027E9,1.8355191E9,1.63880243E9,4.1129168E8,1750492755
541806924,1129385633,1431663233,472553902,,867919666,1347985580,964706963,799016696,475324672,1021994270,712083101,10.0,1532643938,751338306,1438587639,276643674,2008874163,9.6378368E8,2.72475744E8,5.5105843E8,2.01761613E9,1.8024073E9,1.98270864E8,1.35557606E9,5.1043676E7,9.5220749E8,1.78681523E9,1.56717517E9,1.99522637E9,4.55156864E8,2.95862752E8,1.46302874E9,1683206839
1006041180,1353082219,646273790,482688401,1520975325,458329274,251482421,1101315192,1378141204,1543752723,1589796631,1708651896,1282410901,724498884,823766402,1963564852,731177485,714204508,1.09773466E9,5.5093811E8,9.1651597E8,3.1825948E7,1.98427661E9,1.86748902E9,1.11095027E9,8.2623056E7,9.9474808E7,1.50096656E8,1.30178496E9,7.4056616E7,1.98936845E9,1.33970496E9,8.1096723E8,1877091236
1977183926,1970004423,237023839,1891398688,156117686,1890546890,172827478,794738626,2036036691,1354181762,502000327,2042313656,1494865220,564883047,1947638970,2037940627,1649878032,1595619971,1.93025933E9,5.5170848E8,2.11463731E9,135,1.30169242E9,4.54574784E8,1932,1.0822496E9,2.00991782E9,7.3598874E8,6.7440774E8,1.2030039E9,1.88100544E9,1.18197798E9,2.0281847E9,1167065177
2100865819,1604711930,186114576,829247525,388171405,255415462,377146747,15568.0,1527974629,401371063,1012351615,667818673,1217205924,411946612,402334622,1112967934,215351664,254381293,1.3803328E9,6.0571898E8,9.6308E8,1.7724736E9,1.72434176E9,1.3944512E9,1.37714637E9,1.50139354E9,1.91221158E9,4.1692896E8,1.01555187E9,1.90965536E8,1.02190336E9,4.36759872E8,7.7372742E8,1273939372
622745367,540489044,1981808836,1380080078,1797185128,2140705329,1133971426,1891467904,503872319,873239575,606165252,661095424,,1200097405,169732631,2086872668,1098109536,1361861394,,3.93339712E8,1.76906086E9,1.95747994E9,1.87779405E9,9.5140198E8,1.24573158E9,1.33936E9,1.10589939E9,1.13342054E9,7.9870157E8,2.04927002E9,3.11339936E8,1.48174448E8,,
1162957157,1958406811,1893654309,530741469,1523234028,1287240839,974479100,1316049377,1137784139,2044569147,1744807696,1204238919,92908146,842653895,1898149557,817683819,1884590813,904262316,6.9175256E7,2.7323984E8,9.6074515E8,135,2.12642995E9,1.21168422E9,1.29343795E9,2.03686048E8,2.01988237E9,1.13628378E9,1.90310362E9,2.1292151E9,9.9279194E8,1.62247296E9,8.7193446E8,2087718874
160278730,2451230.0,255051728,1032825881,901294196,375532156,2030233195,1310039175,1205109743,1249557467,1429873574,529547898,1419564172,1252443405,375593565,909407367,1961102488,890469524,1.89740902E9,1.40780365E9,1.03162285E9,6.5304301E8,2.5048656E8,1.77466893E9,4.65743424E8,1.3377304E8,1.6933488E8,1.23900032E9,1.93876531E9,2.05577971E9,1.32098266E9,3.93220832E8,1.08352922E9,876387271
1846912473,572697266,1635994432,765619374,1631465993,1730214484,316858588,324263776,1243995483,3706.0,1043030605,1677393985,1534820572,1739355693,1300614808,1319082185,430727091,1758300140,1.90132941E9,1.89407603E9,8.8020698E8,1.26019558E9,1.89301235E9,1.96640589E9,8.1287034E8,1.05830048E8,1.82700877E9,3.73320736E8,2.10568563E9,6.5604858E8,2.20838224E8,1.05605101E9,2.9246304E8,582160343
,888311354,,1079321203,1073430145,1839236429,2121277322,1366750949,1785799202,928094899,1887523117,1041787270,555136945,1332512472,411786423,345214723,1814178788,849262540,1.34644736E9,1.08459853E9,1.7570601E9,1.14073587E9,1.45333811E9,1.66874086E9,3.78531776E8,1.45353805E9,5.5691987E8,1.26339059E9,1.96003469E9,1.72846336E9,7.0882707E8,6.4686144E8,3.13227008E8,429368675
296205281,174927306,1181555850,,512591661,100399490,706232518,1671833267,1641213270,57052190,1440232025,252867874,372836802,627369441,2064061143,426943381,1868458546,1517873157,2.07732787E9,1.28047923E9,5.34342944E8,1.18253555E9,5.08874912E8,6.6327181E8,9.3551616E8,6.743303E8,2654871.0,2.75867776E8,,,1.7154624E8,1.4918217E9,7.6192152E7,1926803514
229473241,2451230.0,1538085686,1557485160,1077564479,79465104,601761750,1867307872,693156695,773732641,619567956,461318659,789465866,219128357,24882214,1460045058,716567139,1693513030,3.234096E8,1.62364019E9,,135,1.38918067E9,1.18996424E8,1.50666854E9,1.37308147E9,3.7740448E8,2.0620826E7,2.52120704E8,1.7229472E7,1.0028391E9,8.9138221E8,6.8635846E8,631894285
1275092547,612586746,669232410,1673506761,1471562517,797394765,632698065,562552748,,,1629978579,1422406164,1209201818,1368532919,1571943682,137693550,516305913,1952749311,3.61459584E8,1.79912794E9,4.97685056E8,7.0321037E8,8.564048E8,,1.60278656E9,1.42361805E9,3.13058016E8,1.99272282E9,2.04527475E9,1.47775648E8,8.0348051E8,1.4428375E9,1.49963878E9,1939893812
716224312,10970270,,207292763,1671952396,77242545,2009503767,737551505,590127862,2092810174,1671491036,946893484,1206214597,440750155,448528210,962668026,1367106468,1410491856,1.25764376E8,1.71742234E9,1.92726368E8,1.74394061E9,1.7229664E9,1.46169677E9,2.50654272E8,1.76184934E9,6.3743584E8,,1.54311821E9,1.83135872E9,4.26763328E8,2.47446336E8,1.48938906E9,1138443749
386534633,115295920,774376082,1604663151,802250719,2128953900,235875304,2126876028,219876625,83013318,1074674992,1036008594,1054073573,,1616906752,625814798,,1194436121,2.9745152E8,7.7527194E8,2.03882138E9,4.43838272E8,2.10636992E9,1.4744407E9,1.73501056E8,2.03178496E9,1.01746912E9,7.6617683E8,1.8572681E9,1.1260952E8,1.31276378E9,1.86534566E9,9.9160128E8,661997261
1728514957,1270599063,,,1123135350,1165983107,613341272,493112694,585373711,,132705225,387664802,1375138181,978684523,2016955388,975965510,1629433660,1992841911,1.6034697E9,1.10919706E9,1.73462298E9,3.09349472E8,1.1264544E9,6.302601E8,4.97264576E8,1.32027456E9,1.73584461E9,7.1208016E7,1.26507661E9,1.01898438E9,2.1103561E9,1.8436288E9,1039,597038233
979897897,676479976,1597955475,188376253,1010182227,496077155,1275519823,1559259859,,216815505,220295253,600349870,315344994,1742799020,475411193,2084119341,289424620,170332251,6.3509037E8,2.07664474E9,1.15923712E9,2.33830336E8,2.56868768E8,1.30802061E9,2.22530032E8,1.36647232E8,1.33473216E9,1.3812361E9,3.97904704E8,5.03276928E8,1.81555456E9,,1.8260064E9,1997423484
343687505,1871949821,1299107045,1005141474,1490338205,710606698,27045.0,159837556,2116537226,315729941,1948874207,698353065,518557542,1192537914,848928294,1215474153,1850066589,1548951661,5.9328954E8,1.25157555E9,5.5568668E7,1.07865114E9,1.03915514E9,1.38669811E9,5.6762272E8,6.9275219E8,1.75305523E9,7.3502792E7,1.94337696E8,1.11506547E9,1.16262704E8,,8.070208E8,2021648855
1740801314,979452482,1230601723,876900025,512973605,528956194,27045.0,1451015095,2046668558,472103492,1596572994,455457785,348090011,1421536645,734389256,427262024,569737665,1871085717,1.77519552E9,9.2930566E8,9.1243424E7,5.0848164E7,1.35752666E9,1.06797414E9,1932,,0,1.04780474E9,5.8572186E8,1.09630054E9,,2.48635056E8,2.12047475E9,2138913414
1089576440,1063645507,547012685,2057226696,1359920372,3507.0,2006239825,420889564,44757663,464714754,46044.0,866888086,808946876,1673437182,1681791787,1833205479,1976035687,203670543,7.528647E8,9.538247E8,1.57955021E9,6.238535E8,8.8909101E8,1.56406349E9,1.29488589E9,1.41910272E9,2.68261792E8,6.65096E8,1.45856218E9,1.2861824E9,6.4037856E8,1.1001463E9,1.71516624E8,179024998
13393675,1096946899,964982211,1807897431,1352346542,3507.0,1447227327,15568.0,444957679,107414869,445499642,233640088,1798787852,1759306396,631556708,795097513,1106015438,,1.19612058E9,3.85513536E8,1.7331799E9,3.5664848E8,4.33324928E8,1.05991533E9,1.24503565E9,1.97696858E9,1.87533542E9,7.7159891E8,1.94283776E9,7.8732461E8,1.77199437E9,1.87749555E9,2.06071258E9,
1680094645,1450924362,605136179,78560757,483430750,1227084827,391555176,2128701586,1642413061,271821731,506958754,1425680665,697173324,1109182171,130688859,1797495945,193852065,2052336597,4.79298528E8,8.6406675E8,,8.0604691E8,2.44591856E8,1.49594662E9,2.0574487E9,3.59662752E8,1.06370931E9,1.10239987E9,5.457552E8,5.5038336E8,4.12225568E8,1.62812826E9,1.57891277E9,1192682489
77381812,1461552479,1980358826,1019812897,637741205,984860898,1576853316,1024602477,649018140,,821542230,2060319389,231114214,1098804854,1609885788,,,769971721,4.06613344E8,1.69281715E9,1.66718925E9,1.60962381E9,1.75302272E9,1.46097408E9,5.6237082E8,2.402093E7,0,4.2577104E7,1.6508585E9,8.1666246E8,1.61293107E9,1.81751424E9,1.83926925E9,1017735123
1765145708,2451230.0,418492673,159875781,1627725247,627450444,558532675,321727371,1244885782,236327961,1957130089,952884903,1134719389,356559881,1839352149,208181619,1332051705,456168120,6.4109715E8,2.14662374E9,8.5986374E8,8.6546554E8,1.7373481E9,,2.08473907E9,1.17354842E9,4.9599632E8,8.2405907E8,3.28717984E8,8.6669856E7,4.344254E7,1.35495654E9,1.77059315E9,725449237
2145080048,1204391464,852922737,81655001,1219498737,429720095,880555244,677267624,1330628378,1742230149,1588256662,1296704616,10.0,109979371,1716630320,2028008482,1064136914,1807111395,1.74574835E9,8.4031795E8,1.40308045E9,135,9.7016813E8,1.8290744E8,1.91169229E9,9.4156813E8,7.4484454E8,2.80408352E8,8.5860397E8,1.17601216E9,1.94617613E9,1.41792243E9,1.79620774E9,974524948
874734138,572364340,,1559781183,1777087784,1681192814,735714662,1884717903,1751402621,1207506883,787606889,746232735,1988214595,1342077099,692822956,1066492932,623881696,1579107224,,2.56797472E8,1.8296599E9,6.4951827E8,4.92345472E8,2.00976141E9,9.127033E8,1.00005616E8,1.2105783E9,1.41099635E9,1.72919053E9,5.7628966E8,1.64567091E9,7.339657E8,9.4141382E8,1222462146
1152584982,,1165292201,1537255594,925829608,1561853493,495427405,793213060,971307812,,,2105215413,840180854,531712117,1675833561,2142878101,1169901827,883060184,1.5937847E9,3.67713952E8,7.1376755E8,,1.7980704E9,6.0400595E8,1.60661747E9,4.8409776E8,1.18521779E9,7.8979392E8,1.2755968E9,1.62230374E9,9.6675629E8,1.21500454E9,5.5687885E8,77926596
1385729106,1893069615,585239332,54384.0,161852374,166275913,16782972,1042487243,1012867421,802687737,1451825238,1265167065,1710159067,140271367,741803100,1828790971,573535608,718811339,1.37257984E9,2.52527072E8,9.0275782E8,2.04539853E9,1.51514688E9,1.25729766E9,1.06159376E8,4.35585472E8,1.6034039E9,1.23277478E9,1.15066189E9,1.14670182E9,7.2414042E8,1.1010793E9,1.4657824E7,366569844
1961595307,897663419,1437374772,1265425388,1013669716,99158424,264400898,15568.0,155450578,,348248305,1085538315,1638844256,1072667704,629657932,8104666,1280947162,1880915253,1.34342566E9,,8.2566541E8,2.52779232E8,1.29876723E9,2.01543334E9,1.67677414E9,1.80122355E9,2.04000883E9,1.99068288E9,1.75482765E9,8.209415E8,4.87833376E8,,2.16701216E8,
2056186604,1291600542,,1218724391,696244335,1501221669,,-2147477516,1697808395,144860341,477622447,53574872,903682022,1666557558,718671352,1663973148,450080018,450880385,1.07098118E9,1.71679322E9,7.3412403E8,1.06960467E9,1.19442496E9,9.053079E8,1.41804211E9,,1.44579046E9,,1.32020544E9,2.1229175E9,7.5882118E8,1.31160256E9,2.13700109E9,950670317
1229067045,795305751,552262963,21093964,464690009,511499007,2081160746,438093908,87453939,654870356,1013030912,1048505393,1675278092,1291080311,1261145657,1081198421,718724894,1146558868,1.90112768E8,1.51096371E9,4.7428112E8,5.5525261E8,7.0385056E8,2.30156496E8,1.0400656E9,1.44268147E9,2.4459556E7,1.9593367E9,1.5376032E9,1.68892454E9,9.2392902E8,1.63856269E9,2.17770944E8,139166996
1786393178,997164591,2013580052,22193863,479740456,1159047168,31057692,1754345465,211801168,1555280467,426194620,499397882,1053306394,399952865,1807817149,,1029490060,13932986,1.50837376E9,1.44385968E8,1.44723366E9,6.3668422E8,1.26318221E9,2.06019302E9,2.80000672E8,3.21356832E8,3.57853184E8,9.3549408E8,1.62480112E8,1.03233811E9,5.6420896E8,8.1107405E8,1.40939802E9,1344984421
412308800,1981430982,1737727145,159169435,1440225880,1964382195,1394675531,1885824693,1314493689,69403901,347581713,412024884,1568801196,1269322431,86092271,444196522,1846099292,1964740351,1.43512448E9,1.3716343E9,1.70438694E9,5.07709248E8,1.55237811E9,3.2825536E8,1.0792937E9,4.7992532E7,,2.01087603E9,1.22018765E9,8.1951802E8,9.6355386E8,2.4032998E7,1.39608112E8,648366307
531675170,1579628365,1909303481,1166673929,771552368,1208308601,27045.0,343039222,734911319,730454820,589297104,1782407557,1335360152,209219018,1769943237,931127136,1344587210,56966346,5.5850624E8,8.8966259E8,5.9832538E8,1.71490701E9,1.33187904E9,5.8581722E8,1.64732595E9,5.33650848E8,9.1646256E7,3.1082736E8,7.2680314E8,1.6353184E9,1.55967629E9,1.25285402E9,1.08001677E9,
335212623,1501908854,,536991636,1102873178,1216343488,243740864,114607745,1786513147~,1372486588,295948769,1540353398,2143255440,550863195,1637295779,1701332460,1033170916,5.7199437E8,4.1117984E8,6.4258662E8,1.60769715E9,1.39007091E9,1.7900919E9,1.8175575E9,7.4607322E8,1.87463629E9,1.81154202E9,1.06521248E9,9.8433517E8,1.65238067E9,7.1998758E8,1.89394483E9,986989021
682007408,1993670413,1440116920,1663336347,1340672344,276616039,1185064332,1902259522,164423012,1510177556,1505792933,452470008,1724356619,1776056492,149368182,1493988637,239807138,1400624480,2.69667264E8,1.73310579E9,1.13064648E8,2.14550579E9,1797,5.00991328E8,1.31570573E9,1.96346509E9,1.28666752E9,1.98640794E9,1.33613299E9,1.1837239E9,2.035168E9,1.7217815E9,9.3166088E7,1658718639
1469308023,2019807085,1559402541,799909580,1007022337,1122269745,371579953,1958857918,1278117238,84286858,1147842180,151176340,968704719,1628333904,232015181,224.0,237304018,295142472,6.6143251E8,2.99146144E8,2.38581904E8,5.07247616E8,3.82058912E8,1.65852838E9,2.05521818E9,2.97081856E8,7.0855322E8,4.71703776E8,1.72940838E9,1.07189894E9,7.7506381E8,1.63334899E9,1.30038106E9,541002261
740834964,1345772379,,856726773,1006790837,198958474,494915655,903210258,498396092,402801115,543211385,660321565,92478187,1641363826,144885229,1958710049,752863439,,1.74721664E9,1.11484083E9,1.34323469E9,2.06828506E9,1.29555814E9,1.64359398E9,4.16384384E8,5.6702112E8,9.0863078E8,1.99282662E9,8.0961331E8,9.2208397E8,3.2615984E8,4.3437408E8,7.6930995E8,564327314
202554048,1936535505,1699464759,1638350806,1792709501,601765755,637224064,1362771634,1892612714,6882838,197688593,662152269,120678220,,1763968433,1772985562,1959488407,879268254,54,1.36381939E9,4.53590432E8,1.96746381E9,1.39922534E9,1.62564237E9,1.86028237E9,2.0537312E9,7.9710221E8,3.61584128E8,4.6766512E8,1.02782842E9,2.37735216E8,1.0810729E9,1.8261801E9,941745085
2132608861,1944647720,1331398582,487110057,1166709446,2033610897,483168667,1905228673,2076299325,2088723659,802726303,1899853822,1009340536,5152335,1590517059,1609534768,267034165,1272578614,3.51519776E8,1.88331878E9,5.6783296E8,5.935177E8,4.9411396E7,1.82187866E9,6.2331827E8,1.77659443E9,1.06866637E9,6.929049E8,1.84703219E9,1.73689856E9,1.692908E8,,4.06369568E8,619886683
1894195558,106125732,,1764202751,1721593223,1191958562,1186449132,1759616376,1683596704,307006182,255093121,219222922,1297675006,1222735848,2104842616,224.0,1168236430,234943368,54,1.01339475E9,6.266745E8,1.85382694E9,1.1869652E8,7.6656346E8,1.21455923E9,,1.92360154E9,2.13907098E9,1.60732621E9,1851,2.13159398E9,1.02233875E9,9.9339898E8,1998054823
1346738210,898869413,,1579091876,622429866,388540491,,583216050,1244510914,143022214,37045634,60033279,199171541,246330155,484913618,989398157,1470934204,1733555334,1.48528528E8,1.09404454E9,6.915831E8,6.8282253E8,1.5653641E9,8.2653312E8,6.6532902E8,1.61571584E9,1.85606541E9,1.92087091E9,4.8430596E7,4.32704032E8,,1.56611443E9,,2055727904
1205229285,,1164775301,2123631794,2112366861,831329200,958354293,1363608283,1746708485,1009451433,920798267,2038780293,763516418,288577870,1626827834,,966187917,1172390400,3.1881074E7,7657145.0,1.08458384E8,1.20226726E9,1.05219942E9,1.1236617E9,9.4623341E8,1.0977534E7,3.76262144E8,1.42058406E9,9.2025325E8,1.22827674E9,1.7009143E9,5.11731712E8,1.36523341E9,1598813618
1780263209,948074954,97960731,294588208,2081761915,1169441637,661339257,202708806,2067667351,1772198315,326843236,1235957046,1232053436,48236213,1982193684,2006154790,1801156902,1492764024,2.01364531E9,1.2411145E9,2.03495539E9,1.39319248E8,1.97554496E9,1.50386163E9,1.72819354E9,53,2.12837107E9,1.74742016E9,9.7114528E8,1.9652649E9,1.62033178E9,9.4747226E8,9.5632774E8,2042952712
1440756591,2451230.0,1300528075,978065238,,530799447,541518067,1092211442,1395578058,555477648,,471548776,721739149,1137573408,1276738270,1525189003,1867027049,1497022057,1.49112141E9,2.12890035E9,1.49230541E9,1.48284083E9,7.9753376E8,1.29531046E9,7.0977434E8,1.42731699E9,,1.30896499E9,2.07484915E9,2.12705574E9,4.39075584E8,9.1687027E8,2.01270822E9,382625258
1268539300,628567322,,39554737,146155845,,627316376,1006672220,758819566,1312743424,46044.0,34.0,1097445396,1901439367,803113938,1697369885,,519895412,2.14507568E8,1.84186778E9,1.90141926E9,9.7464282E8,,4.4651552E8,8.2535354E8,1.82024102E9,1.05815162E9,2.63356256E8,,1.30325773E9,1.9539223E9,2.13051098E9,7.4093946E8,714790775
,7498222,1640164924,1056369381,793876121,257723274,2137709048,1642873697,486887510,1557999072,1884189217,890507046,1206563629,75428943,34727921,2103724193,125.0,1974539027,1.86150336E9,1.37092531E9,1.04759616E9,1.5196032E9,1.79243597E9,,1.3162152E8,9.3710624E8,6.1494093E8,618,6.001639E8,1.16692557E9,2415,3.78040192E8,1.80465318E9,1234510323
365705341,1623533070,879535732,443557683,756474547,490419578,81168826,126853846,648699804,59898109,157830674,373876077,,,,2087038380,1999393425,1527917083,7.1316851E8,7.1201587E8,5.06615232E8,4.9243072E8,1.15240128E9,1.10859046E9,7.9039834E8,1.75121203E9,1.80026208E8,1.00421907E9,7.1102438E8,2.05306995E9,1.2954327E9,2.06316813E9,7.7090496E8,1872749404
,735463446,2109098446,1178785962,2138076196,1990143117,1072898771,192470535,308964948,,1716141006,208849558,1791213872,464459579,379685736,658515289,1002473019,510684433,4.1459456E8,6.8963597E8,1.69928589E9,7.2249376E8,3.6739904E8,1.64631962E9,6.6819379E8,1.08671752E8,1.31378893E9,9.210953E8,2.06815475E9,5.6883181E8,1.3957472E8,1.390485E7,1.16409178E9,1006331253
1535058939,11443711,676271832,46780433,558769.0,1300114793,1894688563,1990489676,1905548132,621768634,1401420360,2021231214,169424050,118345188,1294092943,508193267,1773555413,,2.02232346E9,1.85389088E8,1.21167386E9,,4.78681568E8,1.48525248E9,7.0336006E8,1.5574121E9,1.53775488E9,2.34509232E8,1.1842473E9,1.77188122E9,7.5891622E8,8.1484256E8,1.89694234E9,575899991
,,892140819,963575203,1080084038,584558259,179915524,15568.0,1565710953,1261269092,130760102,1586696354,2085260939,1164329854,1939999905,917885101,820873299,14.0,1.38185459E9,1.75495462E9,1.17969037E9,1.69763622E9,4.61978336E8,1.46654861E9,1.24247309E9,7.1907584E8,1.21541133E9,7.9022598E8,1.9707266E7,7.9862496E8,1.01498362E9,6.7859571E8,4.7709216E8,1855649317
1366399425,,239125966,110063940,2062154427,1608229891,764199534,905054942,584182408,1189526054,906044912,1186608812,292090255,408805857,2088300863,1188112477,1122480370,99614776,1.12757427E9,2.34533104E8,,1.6101463E9,2.02813734E9,9.5135232E8,1.50068595E9,1.17960755E9,9.8792851E8,1.4358985E9,1.64431539E9,273555.22,8.8675616E7,,2.06677504E9,345153117
407436623,171583156,1399204606,1990422169,525292462,232243678,1331721262,1748516983,760131054,405390036,1012588587,1620391,121393222,2100319903,1865510745,1300413638,125.0,1943487085,8.831655E8,4.08073184E8,128,1.90834406E9,9.5294541E8,1.2883616E9,1.9037751E9,1.62041651E9,1.70869786E9,1.87190746E9,1.18360141E9,1.35250778E9,1.80290957E9,1.87806502E9,1.24885978E9,164819834
1341470842,1982060977,380084784,330612744,558769.0,317632888,1623977979,830234218,1487905553,1597438378,1170236659,1134821402,10.0,604376505,1135965076,1262288646,1717162761,1984103867,1.6263264E9,9.5166349E8,1.40503232E9,3.21545792E8,1.23455027E9,1.81948979E9,1.48926502E9,9.1448232E7,0,1.47326374E9,1.2798295E9,1.05540781E9,1.41671539E9,5.0285456E8,3.010664E8,1624518370
766088386,1508990777,836793445,,752160606,1865856327,524443714,324551242,1847416552,944484325,1986788186,1996298526,2113191546,707588007,1776771415,446217286,1062396879,1710722578,1.5338912E9,6.8731955E8,6.44632E8,5.4804358E8,5.5932902E8,8.6883488E8,2.07868621E9,4.72119904E8,4.12737504E8,,1.7976672E9,1.2606752E9,,2469,3.71131264E8,71640455
1296192998,166306445,,572160349,1921570282,276912625,1093160655,1743481281,283193441,213623005,1180967876,469502938,1786834588,604096510,1953487154,175226761,1251165516,193648057,1.10546202E9,7.6808525E8,5.5527416E7,1.58419174E9,,3.19498688E8,3.67526688E8,1.10685133E9,4.9218172E7,1.085958E8,1.7549824E9,5.04992864E8,2415,8.6284499E8,1.83775859E9,759896384
215900637,935002232,1163392841,1661397140,1058038280,491999012,1472478841,1371461950,864862.0,1580837400,,5596557,1766349392,1114107461,1222369693,1593410774,1520383092,1713142933,1.37279923E9,1.01435232E9,2.01494336E9,1.01424806E9,2.03290982E9,1.36272614E9,5.7959488E8,1.2060864E9,1.89684326E9,,1.01479341E9,9.4299744E8,1.56886925E9,4.91166368E8,,601570707
299690517,3039579,873336237,213898186,594514702,123368691,30399072,754769585,1408512180,784752241,585666167,1684089293,506396373,1289210209,806997974,882863766,,1862925131,1.30368934E9,2.06410726E9,1.18856912E8,1.70949709E9,1797,2.02160461E9,7.16336E8,1.48255654E9,8.9804538E8,1.40408845E9,9.6414067E8,8.4576314E8,6.8310035E8,1.4513504E9,2.95162944E8,1952921725
576317770,497766723,1441155106,524305705,587403328,1538065963,345052119,1093037137,1816216118,1514305450,2032361523,2045522607,1835318669,,262263930,363974887,2137645802,1083585375,1.96355302E9,1.9910185E9,1.65990067E9,3.12719904E8,1.55512704E9,1.18013107E9,2.11854259E9,,1.86618522E9,1.84816589E9,7.9750035E8,2.09364173E9,4.850056E8,7.0979302E8,3.48205632E8,1815778015
1289865333,1476216010,1554882109,459738074,752526738,19396019,2024759361,663708932,1924522458,1093291728,1990416116,1434046047,1747284618,1974683870,1680529570,578185616,1487206751,,7.5627616E8,1.5047177E9,1.7876823E9,2.353988E8,1.70143232E9,1.10352166E9,1.47039846E9,1.84414144E9,1.85283072E8,6.859216E8,6.1313459E8,2.00748301E9,1.19885338E9,1.856736E9,1.22991795E9,425854882
1802833915,937626190,623984123,1797352794,854143606,620336210,1956921944,1271644322,175728351,1928335774,1905054803,202158034,154000230,805907736,,43451042,,192470198,1.74847693E9,1.78765517E9,6.8993101E8,1.13826253E9,1.02680659E9,1.9003063E9,2.9888688E8,5.5190132E7,7.5548794E8,1.11466406E9,4.61001472E8,1.89002688E9,1.79163533E9,1.96568614E9,1.74275034E9,444528724
1199961569,776406191,1093318008,1549158593,767926915,2006897570,1518759322,1573264376,488336047,315638275,167021636,329609515,1513004890,1581524549,1506359793,224.0,909852483,39755449,1.7800832E9,8.0144307E8,7.0049357E8,1.71333325E9,2.70745568E8,2.18696096E8,4.76163616E8,1.83759539E9,1.12787238E9,9.2988744E7,1.89011072E9,8.4744288E8,7.2695098E8,1.42465552E8,,972158506
530045245,1991647190,1160050536,1296501003,1290145429,601260667,1121784485,285210705,1533442689,607462694,1045802638,1942029501,770217985,957047804,318370188,2015414949,1808534655,1963254074,2.0992311E9,1.60259942E9,6.4148602E8,1.17893696E9,1797,9.0774662E8,5.7251878E8,1.8113696E9,1.20283738E9,8.7358509E8,1.20097382E9,8.2818074E8,4.11098912E8,5.33334656E8,1.10682586E9,1127603092
1106967803,1983845971,1218655425,1088380513,1246806909,1093243758,2090278384,807752245,1310619945,247509930,1135471651,514916223,974401230,1581681608,652346077,1557042941,935691758,1930119657,1.05885011E9,5.6108499E8,1.63574054E9,9.7075085E8,1797,1.35647014E9,9.6837427E8,1.9381719E9,1.09551795E9,7.0347088E7,1.09224397E9,2.12199782E9,1.32370496E9,1.50172109E9,1.70115264E9,1586672350
1651311816,1014053675,,618317433,1449372546,1389401964,2121870402,1029073425,1485365502,1187249208,1185042413,34.0,1555240694,2053459223,194233049,727325281,1651986914,690296136,8.5378637E8,1.0824809E9,1.78753293E9,2.0453399E9,1.39134208E9,1.98995533E9,1.00761434E9,1.16539494E9,2.06043059E9,618,1.54859686E9,9.0963437E8,1.80296998E9,3.90267872E8,9.3900928E8,1469980198
1081585427,98143887,929711104,2023518130,1437520910,1954292726,1320379256,1402694878,1655166050,1274630873,1931038849,2030358,1742235682,551798811,617181896,489153825,1129116338,792077962,2.12485914E9,2.06344576E9,1.32794675E9,1.37545485E9,7.805577E8,9.3664173E8,2.01743718E9,1.66555213E9,1.01316032E9,1.74954944E9,1.75660109E9,1.85967283E9,5.8938733E8,4.95047424E8,6.6618016E8,1498066262
382754405,69139082,373232609,1138635890,340916708,1025150668,344851347,1513357751,,1173217139,125299140,220725756,1274898388,685451184,1990927844,1244378255,1437144236,1639448781,1.64164698E9,1.05667661E9,2.06649702E9,1.50275059E9,1.17512128E9,1.56198707E9,8.2844954E8,1.88199565E9,0,7.3220186E8,1.384688E9,1.7368663E9,3.95235808E8,1.93947674E9,1.8832919E9,1336349425
1057956309,1958744462,1062762227,1490446856,4401010,1554968034,1036093574,1148426704,1136633201,190072545,776284366,34.0,163583364,1589652279,1318099935,137338101,874278922,1192974121,3.78509088E8,1.53913587E9,1.57946701E9,5.10957248E8,1.2157015E9,2.0601911E9,1.55498317E9,1.03426138E9,2.14053786E9,2.1467008E9,9.8751078E8,2.07749184E8,3.25398624E8,1.6826967E9,1.61050464E8,1502407358
1773970270,742670556,679198992,1620044018,1230828949,1482124147,,653160682,1955209435,1172266359,813313551,579329927,415430190,787318278,1448812007,1562831343,1936490362,930062237,8.6151296E8,9.3693747E8,1.32196198E9,1.81082662E9,4.4958E8,1.25954202E9,1932,1.9024768E8,2.99883808E8,1.05964294E9,9.2184602E8,7.1626278E8,2415,1.51586854E9,6.7699904E8,5462312
467612866,724495513,114878027,1660540399,238190860,1094597846,1605100502,459386359,1298564187,1630189248,1384604538,34.0,80520780,423681680,4.0,1665913763,1373017433,1341279751,3.09465376E8,7.1363667E8,6.3275904E8,6.1269856E8,3.01143936E8,1.20199664E8,1.48126349E9,2.62617152E8,1.36713229E9,1.70084877E9,7.3561459E8,1.98158157E9,8.1216339E8,1.90805517E9,,1145587940
64150700,319662014,,1323247888,763085411,2111987268,1274434035,1131813745,886033779,587147235,1361026548,514466893,2038596013,959457811,469249080,1807400937,2116635849,1340717375,7.0717779E8,2.04942618E9,1.56682256E8,1.5387703E9,4.40013312E8,1.79864384E9,7.9584781E8,1.56100557E9,7.9460698E8,1.07472128E9,2.8894332E7,1.41771072E9,1.98979635E9,8.7960755E8,2.9968368E7,467669455
471778285,725241993,9882959,451727573,1227197168,904500797,2141100532,349003826,,772155913,1074700351,828812526,35309723,1705005387,314795276,1060320078,1691014641,516467989,3.24518592E8,1.780544E9,1.96497382E9,9.2276486E8,1.61420659E9,3.94642336E8,2.07407424E9,,0,,7.9816902E8,2.02327014E9,1.95982416E8,1.08411405E9,8.3994579E8,112037853
388644182,47273121,1126007758,1342190846,999083268,22254968,27045.0,1274761456,896644198,,1621839105,688684907,1885023249,1624508521,616365700,711299931,2019142114,307798091,3.44784096E8,1.59616166E9,1.1690336E9,4.26011456E8,1.3089056E9,1.62229811E9,1.42924134E9,5.33591552E8,1.59069734E9,1.45502579E9,1.33215309E9,1.25582349E9,2.14481805E9,2.05780006E9,1.02866579E9,403479713
1307383724,806102842,1930505269,1066707201,1178301212,1912278979,2109397730,1782685550,665424966,187432357,306767122,426573857,868092155,1511164737,1956632447,1680156096,498746495,1601702030,4.2973452E7,4.29232736E8,1.78592742E9,1.08807885E9,5.5371085E8,1.051648E9,5.6295808E8,9.280119E8,5.15098912E8,1.84912102E9,,4.95489984E8,2.11481216E9,2.48239888E8,6.2440218E8,1166033507
783169705,1905062488,469189090,1512047578,244497925,1680210529,340333008,257167718,1600718167,1276261131,1883158085,1645204528,1914395298,1954859260,273254225,1491190979,1947118215,1272998567,2.043936E9,2.04908173E9,2.00339264E9,2.21692832E8,1.18900326E9,1.85015424E9,5.8814368E8,6.4906662E8,2.83689184E8,4.03516672E8,1.87019891E9,1.96043392E9,3.32726496E8,5.5630957E8,3.86638464E8,1185138106
362629722,19708129,1029287972,1321914834,1827524429,435407841,1562747431,246520356,1861715879,1586214519,991820799,1582683235,701720813,78452731,928364415,614012780,1026233760,1085669872,1.14500493E9,1.90721472E9,9.8086874E8,2.70744608E8,1.68494976E9,1.60013965E9,3.13559136E8,2.46001328E8,1.76890784E8,1.36395174E9,1.44854835E9,1.39137434E9,3.12449984E8,1.97858982E9,1.80365491E9,301251681
702019806,812092153,1732787595,1981892679,2098458580,1636646356,1711338051,1768472140,240439729,1715181974,643388522,1685701335,356142714,1226091400,17426843,1370603887,289976703,970774716,1.89597402E9,,2.07612198E9,4.01656896E8,3.95594912E8,1.3812759E9,5.03764416E8,1.30262054E9,1.27838707E9,1.35714138E9,6.1550822E8,1.30087706E9,1.21734899E9,5.08408352E8,1.09346995E9,1623964338
,839704931,,1488130674,1858226330,186334586,1538268475,1460815952,1148095093,1727372248,1190694524,17681334,122478650,769309151,1852378622,1644852517,1827944096,180747094,2.36399664E8,2.14372211E9,3.02356608E8,1.04898835E9,1797,1.24467738E9,1.32027046E9,9.0103974E8,3.98859936E8,1.12999027E9,1.947716E7,,1.29138099E9,1.15536563E9,1.64947942E9,930935277
1257734982,715652837,1564012885,54384.0,1007530431,1024310722,1584269381,241219465,845262754,315097704,851028478,626959444,248798071,497027860,1501386656,962461306,348490978,392878824,9.6742234E8,2.02349024E8,1.29502259E9,7.3603366E8,1.7722152E8,1.85467955E9,1.61706419E9,1.37345741E9,1.9144256E8,1.50256154E9,1.7329143E9,8.5234605E8,2.62912304E8,1.75390963E9,1.33233638E9,1081625795
319869573,449028178,130637841,2054595775,991983602,2017460529,1449547362,1835337026,1184051380,1513600326,482847709,1317403919,245002006,1972366265,983087465,636614347,15646888,2084805138,2.02617677E9,1.59044992E9,,135,1.37036762E9,1.4805975E9,5.6765683E8,1.9656928E9,2.14575565E9,9.4205203E8,1.67226957E9,1.41594752E9,,1.47557632E9,1.03604749E9,1284760236
1651549432,195991449,412657844,1878867136,1777489587,3507.0,897449665,2103927240,1535433005,1171842748,1792258132,1074008011,764328881,1129448343,839787909,1273166226,77720034,243437973,3.40912192E8,4.27456224E8,2.04103475E9,7.3960813E8,,7.6927098E8,5.08632416E8,9.6293299E8,6.002153E8,1.70338074E9,1797,1.82227024E8,1.53239629E9,6.6379238E8,2.03874138E9,851878231
297211938,1116178755,431086890,1793669988,1956421018,1787516041,61154467,149328476,1202719239,1660907180,78115835,997988137,284844191,2122138718,1675514227,686312566,1703802661,10007494,5.4890438E8,1.58369523E9,1.39561229E9,1.40567514E9,1.4607808E9,6.831385E8,2.0326768E7,4.74998368E8,,3.10883072E8,6.1513056E8,1.81646566E9,3.33789728E8,4.42408352E8,7.9600582E8,1479136413
503747586,2046274893,,37853501,827468334,1471579793,212356422,667744096,984435252,1768992190,504955040,993583184,572263024,451097761,1484203171,224.0,1715727164,120596116,6.321913E8,1.52175642E9,8.1092179E8,1.47185152E9,,1.22192128E9,8.8826534E8,7.9546003E8,1.00221331E9,1.01253658E9,9.1481939E8,9.6644378E8,1.43827712E8,1.92824794E9,1.65009971E9,1422481012
956236227,771286211,2144151360,404977888,1788898020,475192180,780778620,1664588315,2056941352,280031872,506226633,1517358907,579295842,121034488,271308419,32453091,720467994,401757105,1.44297075E9,1.21765837E9,1.41133376E9,,1.09257702E9,1.10519245E9,7.0243027E8,1.32238515E9,3.61124736E8,1.21347789E9,2.06565792E8,3.01022048E8,1.42423091E9,2469,3.46058112E8,1459626185
340165155,1407706269,1443868709,1625611826,901444136,128711894,1241516084,1883955608,453124961,254814329,46044.0,1762077339,,933548600,297001548,181311325,2067468024,119478453,1.43476109E9,2.04270672E8,1.00482752E9,6.946743E8,6.7615784E7,5.18061888E8,1.58852877E9,1.58951616E9,3.68633248E8,4.4971376E8,4.18513568E8,6.3891482E8,1.26810458E9,3.72479456E8,1.01620787E9,823894221
1215871632,1893623238,1344177793,472980828,419840001,1447173430,1290728356,101836754,1172105886,342781499,96015042,1758080228,,1659022207,1551298050,1065958600,1879489365,1872812278,1.17055693E9,1.81800176E8,3.56316736E8,1.76434976E8,9.6176166E8,2.62240832E8,8.4755219E8,,1.87474829E9,2.988753E7,2.01157082E9,1.25402189E9,1.31872077E9,1.18492096E9,6.8602189E8,787000016
224680514,126913807,1192753934,164701617,554898036,784412626,2018691999,374863165,291910166,1481014013,1068841053,1774157626,2125203448,1455041890,373925716,597617793,2000827462,1041192683,1.84870938E9,1.25906342E9,1.5847721E9,2.10213312E9,1.06097024E9,1.68614733E9,,1.70918938E9,1.4222793E9,1.46587955E9,1.02993677E9,1.92271219E9,1.66770074E9,7.71064E8,1.08826931E9,1825970675
1567648333,1984998638,843769682,,1931495481,460068685,,540626620,,247010065,1463819150,1517243906,36340828,,305434426,1638382519,749821021,196261794,7.2819048E7,1.51693235E9,1.10760128E9,3.9339472E8,7.7176461E8,8.2556237E8,1932,6.5714355E8,1.56719488E8,1.91624051E9,1.11835432E8,1.28413432E8,1.26408486E9,8.4778192E7,1.7617952E9,1387738777
866917772,564427122,210574966,1486835187,551037945,227269746,179812249,73856272,,1398556531,1611970433,710090078,1328991517,66241994,1941866407,108309473,1297628942,2031697597,1.07677146E9,1.4559992E8,1.56968819E9,,1.53333248E9,,1.83967808E9,1.05091891E9,4.93119872E8,1.65791219E9,1.33661645E9,9.2315712E8,2.01057472E9,1.10073984E9,,417326516
2087186794,1695553111,1353134703,1299508465,1192254247,1672202936,1412989375,217704316,1596673695,909881988,447669334,814435297,1398506652,,1071166141,1560411158,1556446729,1265410054,1.57283738E9,1.1553664E9,3.73096992E8,1.59601549E9,1.43501069E9,2.73547744E8,1.94617395E9,1.18260531E9,1.95256563E9,1.36210189E9,1.39887002E9,9.7530477E8,4.551126E7,2.19763328E8,1.61818189E9,496467651
1629268505,282094377,2990.0,1118362558,47348743,812516936,1951008541,1053278482,1521832028,1543090299,2122915534,1884403579,560072869,700235443,758887819,1718683776,689038453,1723021916,1.89042163E9,2.79861632E8,9.0724512E8,1.11004966E9,1.03572768E9,1.48625958E9,7.0919552E8,3.68918368E8,6.4924134E8,5.22701504E8,6.8984595E8,1.14422067E9,7.3755795E8,1.03823206E9,1.97721651E9,1393505438
516722803,73382411,,1826532610,1091718218,1546236969,1158490434,1287773478,1838675316,1410607313,674230091,1402519862,1888379436,1676228961,2046718738,425731729,,1537650058,1.61960678E9,2.79542624E8,1.77224496E8,2.03016909E9,1.36715213E9,,1.23637709E9,5.6498298E8,1.38281062E9,,1.11434726E9,1.06800944E8,5.14554464E8,2.1206656E8,4.45479776E8,1041653924
1107929891,746247560,1665010845,,1948570097,1494935335,573112623,1640656541,1608958000,1321041770,374947185,1566821575,1268531437,1461691863,1352641553,122983686,1597525492,1255698492,1.62266637E9,1.7889065E9,1.96376154E9,1.3741343E7,8.7500454E8,1.28375629E9,1.98763994E9,7.4472538E8,6.8524858E8,1.83674726E9,1.76915952E8,2.57332736E8,7.0702637E8,4.7408908E7,2.10608998E9,751509130
1597869922,460668547,,1129715496,558769.0,850176246,1995766588,1998959121,1392959567,339712190,46044.0,980575871,424503671,811654469,222208832,476055389,76414846,195642868,1.08416909E9,6.9095206E8,6.8522022E8,1.93588749E9,1.6150327E9,1.29695462E9,,1.68285043E9,,8.2306899E8,1.46420326E9,4.84916576E8,7.6318733E8,,1.61052877E9,2111048553
1037150011,2018623616,860022875,1158569981,478768286,1794078481,721748337,1678227266,1422790274,1002408840,2059955521,,858522271,1762622183,1975173512,511862810,,1786326966,4.8571124E7,4.42823456E8,128,1.34974784E9,3.21808224E8,7.8843418E8,1.64511565E9,1.31282534E9,5.8013094E8,1.3569568E9,9.4355312E7,1.37860826E9,1.4955095E9,1.59889203E9,3.95323008E8,627141781
1913714566,1719672714,1361636416,1168327879,838279884,1132748987,982072885,1279317453,1271610923,1134055933,720537771,1468686393,1965030089,,1330309572,2051383510,,877506132,8.926368E8,1.06409197E9,4.47337728E8,6.3138304E8,9.3957907E8,2.19937984E8,1.73567808E9,1.49959526E9,9.1103584E8,1.19562854E9,9.537344E8,7.7953882E8,1.48598067E9,2469,1.60291597E9,662301583
,2070620443,1081430170,291069211,1925626328,958755811,1123781859,96762401,413178325,233258826,2085581980,1201463923,1381601938,602358694,1215082319,2081037317,125.0,14.0,1.2822301E7,1.43977242E9,1.5778528E9,2.9615424E8,,2.80172256E8,2.94226016E8,7.1098579E8,3.94036736E8,5.1203856E8,9.309847E8,,1.61223066E9,1.82775987E9,1.73025984E9,2002869547
389268490,2143320506,230151858,642299269,486135847,1617472892,686995778,16578115,1909777352,,1507942344,1617328744,1719141251,950463229,149125491,1722978916,1796978209,586240015,8.7934426E8,6.1879411E8,1.14004595E9,1.9407255E9,4.363752E8,2.59353088E8,9.4558445E8,1.23612826E9,8.9325498E8,9.4499194E8,7.5040339E8,2.25271632E8,1.4315401E9,1.1510775E9,7.0137645E8,624390153
1501616302,2033051184,,495718712,,3507.0,1780500090,380741146,1223618202,389963660,1491873168,860246259,506793792,1842463424,221228242,578093783,1522600436,806141500,1.49858739E9,9.419872E7,2.1169344E9,1.28841792E9,9.3028998E8,6.6042221E8,2.07196301E9,1.628752E9,1.51394086E9,3421624.5,1.81311309E9,1.11368525E9,1.00058432E8,1.9572064E9,,1551716083
1464735222,1684877640,657159359,451550174,1059068521,3507.0,382355370,781604972,1328337302,1925676700,46044.0,,1988252404,186962798,2009277452,292029714,1385060997,1497598782,,8.5322381E8,1.8353751E9,6.9558848E8,1.67483098E9,2.05536678E9,9.9311104E8,1.7538601E9,1.08185894E9,,2.30382576E8,6.8204986E8,1.12885427E9,5.32134336E8,1.71810688E9,1856366360
1858115537,1032128838,,1002598665,1693383931,90070286,1610541017,2143671764,751866820,2033983975,339592295,272579384,1670816193,1436483201,1685569276,131346189,138302028,149810235,1.2701513E9,1.3289481E9,1.46242227E9,1.33461965E9,2.7617984E8,1.95221312E9,2.04032525E9,1.02010662E9,1.9726665E9,1.05330483E9,1.36887808E8,2.763848E8,7.1003776E8,2.10133664E8,1.88270208E9,1365078200
2008346918,736528155,1457271887,1356773776,,2066621100,9854800,102656874,771978656,1206884852,526611524,310556253,1908569130,531859853,1360716685,1701525433,1138745292,1441816309,1.6669376E9,1.08949928E8,3.4896784E7,1.38764301E9,4.32646464E8,2959508.0,9.5477784E7,6.2620352E8,1.1547863E7,,4.24400864E8,1.26495629E9,1.08074253E9,7.5291974E8,2.00130227E9,28247976
,,710666382,235840367,3532089,,1267068023,864291855,753135237,366105967,,1420665212,2083291745,346407790,928694971,1796468394,927683404,805706441,1.57376666E9,138,4.46672896E8,1.48159411E9,8.5518016E8,4.7127872E8,2.50287664E8,5.379312E8,1.36732762E9,4.50345344E8,1.37653939E9,4.34236992E8,4.19496672E8,1.67711949E9,1.98835802E9,1274090286
740402785,2019247866,1177230776,623385883,2885396,179689318,760468752,446564907,1856733450,2050230754,683183939,1701788026,572058245,394251639,375284342,1874682771,1761760584,150018912,4.27711648E8,1.49460173E9,1.34731952E8,4.72059104E8,2.07399392E8,2.9567814E7,1.6917335E9,1.88320346E9,1.24351642E9,,1.90450778E9,1280988.2,2415,1.11412006E9,,-2147034541
2098888051,1338421240,800155019,394271699,881932141,1093237909,1851946538,1029410142,,490872512,1243395287,1055755710,986976518,470647989,1826534767,1739653789,1543639159,661516149,1.45750566E9,1.61582784E9,3.46983776E8,4.6413552E8,1.88170598E9,9.6880179E8,1.28412506E9,53,1.67818592E8,9.122841E8,1.78794867E9,6.2756576E7,8.9712666E8,2.79091584E8,7.7926266E8,935145475
745927237,1854229235,1725722795,1606201074,1093422543,1755005841,1288550631,407181866,705761271,1378301509,655047833,1946056904,1704155900,242921675,931864813,2091576170,1390797420,862624487,5.6372282E8,1.15597389E9,2.12336102E9,2.0414391E9,1.10508288E9,8.3349984E8,2.02243046E9,8.6802611E8,9.2108648E7,1.09280192E9,1.73046528E9,1.00261786E9,1.06803642E9,4.86859968E8,1.77247181E9,2073025728
1955426680,1383277842,1700940423,1016176770,1697448926,478698139,1724858884,1231306789,2136563853,1366111871,472839906,1790690666,,597689294,1764712400,1622578154,776928719,210044842,1.49790592E9,1.05413792E9,1.10345382E9,1.43861056E9,5.5136058E8,8.9721976E7,2.226032E8,8.0437062E8,1.65188621E9,1.55773734E9,1.63548736E9,7.8687283E8,1.04216966E9,4.3400432E8,1.62754406E9,821038148
766509845,696095800,881572174,3023297,791938857,2055798437,1383942126,389982510,486380462,1294744535,1261500292,,1033764280,307666023,255219817,1993135250,736125192,1297077983,1.61706368E8,9.6536397E8,,4.02783136E8,3.85616736E8,1.51353101E9,7.5040883E8,7.0103546E8,4.24172544E8,618,1.92010381E9,5.9072838E8,,2.85114272E8,1.2048304E8,1708747522
1544112477,1626539204,1497470088,1390742709,1155737659,670591776,1612350452,104926566,247197420,1915415519,999928832,1332078377,1413184185,1609332295,176897056,1334510934,1739682497,1226911875,1.07365971E9,1.15343398E9,,1.98132851E9,6.8182451E8,2.32629472E8,8.4095942E8,8.6667264E8,2.26288896E8,1.02770784E9,1.91336496E8,6.0910554E8,1.47087232E9,,7.6127936E8,1531110412
5836321,362003758,,947601428,2089677347,3507.0,707575706,1604331069,232484484,1001119035,46044.0,65574241,1828377460,1947176346,121112728,1254409743,139563451,938578040,1.30672872E8,1.8778176E9,7.3013875E8,2.390936E8,1.3747607E9,1.28295974E9,1.97687328E8,1.62925926E9,2.5706322E7,1.179728E9,,2.71351872E8,3.68239648E8,2.11967322E9,1.86900198E9,277952459
1955785627,440634963,1448828574,1344885865,1190035089,32232366,498860911,182386157,1996170007,890246191,563383188,1997169843,307890623,1281736252,1052233921,1374553221,781535546,,5.7820768E8,8.9699706E8,1.48579686E9,,6.7580666E8,9.7627136E8,1.60763238E9,5.3422032E8,2.05577152E9,1.87724864E9,2.3635208E8,1.63302054E9,6.3221606E8,4.05222048E8,2.04641395E9,433401923
619828820,198423896,,899211206,1021828603,2065227172,1245040821,1788124258,1053418796,1179820890,605809166,1218662543,125357594,1148444824,1433234095,1000927460,834294757,347511237,2.10323558E9,3.91424608E8,7.2973005E8,1.49128666E9,6.0029318E8,1.30690394E9,,7.5088744E7,1.5547543E9,1.79435494E9,1.68937997E9,2.05712592E8,6068380.5,1.0937015E9,1.06896232E8,1176521212
1627551583,312895780,100406355,295412136,941147554,1174740801,121541927,353977024,1252649502,,113251355,34.0,288795273,1513744044,1394238079,316071548,643212604,617922992,9.2835091E8,1.30297485E9,1425769.4,1.95538202E9,6.4857786E8,1.51313574E9,1.40497152E9,,1.36030224E8,,7.0572595E8,6.9090861E8,8.0418675E8,1.44701069E9,3.34435424E8,152803134
997812793,2029528355,534750350,426107762,1304280883,1395137767,1547626634,792185491,234194564,1272224418,1267481689,1400815390,1818458891,1873145289,4.0,463520966,66690875,1087325539,1.31260584E8,2.7928176E8,1.12681421E9,1.04734662E9,1.3448192E9,1.88571341E9,5.5260068E7,2.08929485E9,1.35326106E9,1.38793754E9,1.64622003E9,2.01044493E9,5.6533696E8,1.73933235E9,1.37859878E9,2083284852
478941500,517282020,246383585,1681776672,565955502,379557521,891674735,1829183520,1961807128,1528376430,635396362,1809425902,2037960097,1044030809,195323213,1702436112,738368940,242130278,8.0664973E8,3.40026112E8,1.30062872E8,6.112423E8,1.35205376E9,1.20281728E9,9.062311E8,5.27315296E8,1.5790656E9,1.52425306E9,,8.2596442E8,2.05019085E9,1.10469325E9,1.37075648E8,415227014
1410365395,,464458509,704560443,356800472,1777962757,262683018,988524888,1564094016,,,1902919070,196546738,1434068921,1723905164,1249531026,1213424010,1777333581,4.6052608E8,3.77069024E8,1.05669894E9,1.39081382E9,3.04084832E8,1.34049075E9,2.0890057E9,7.9281344E8,1.08187571E9,1.45114598E9,,1851,7.1387277E8,1.16565299E9,5.22379648E8,1941806897
609751180,1368968552,726682804,1689628830,149931033,789897269,313203077,1340047310,2125686210,219852900,719076322,1860187931,1772008364,270320827,754798770,1606049519,985792102,640855395,2.08284752E8,1.39940365E9,1.25150758E9,2.04211494E9,1.10645811E9,1.78793946E9,9.3756512E8,1.16521869E9,1.42635674E9,1.32689933E9,1.74990608E8,9.5067782E8,2.00359398E9,2.54651936E8,7.1087072E8,1105721467
748644074,917375561,,1328123035,1218870137,102489317,138544635,1993074442,1236070183,,874526107,788851003,1411941976,1346480856,4.0,1228890512,62073098,1598369490,9.0828909E8,1.45815808E9,128,8.7159462E8,,,5.941488E7,4.93403392E8,3965687.0,,1.79077491E9,1.56384E9,,6.4875904E8,8.2524326E8,384962232
1860554753,2095509342,805013548,194389326,,1152440742,1676703075,1402470440,1808233797,1288027343,1369169174,1466648579,670268095,1707624358,144614107,1394624945,1805055398,931567539,3734824.2,1.13592038E9,1.57196685E9,1.46435392E9,3.05911712E8,1.91727088E8,1.51831859E9,1.62667494E9,1.3973792E9,1.80830874E9,2.58264704E8,1.62660122E9,1.78566963E9,4.92942272E8,2.08770304E9,799509547
1253546850,1092592550,787265969,1762488792,183009797,577131235,127658754,1571427807,1615143306,,1000444630,1074276465,1199231054,1703798029,733630370,534769903,154411963,1588513378,1.88555981E9,5.5002272E8,1.37478502E9,135,,1.99160781E9,1.85073958E9,1.53891494E9,5.8003987E8,1.12206848E9,3.63362592E8,3.56001E7,1.85194061E9,,1.4681975E9,647862188
1012070429,883568205,,2034939786,925313978,392737140,385705389,174635043,1022576317,789816256,1959342974,321096937,2007247357,592479195,1477049485,1300978625,603796505,1562851740,1.55389555E9,1.84204954E9,8.3428422E8,3.6502784E8,1.65972877E9,1.35876954E9,5.15522752E8,1.28324902E9,3.5738236E7,1.93770688E9,1.05821107E9,1.778276E8,7.5314387E8,1.07295277E9,1.14321869E9,2041901981
761974712,56016360,,1308175806,857882936,1650111842,1243681574,576130995,141424371,161272998,841832229,656014859,1756340347,1771689286,1252111255,1591423677,299721012,985547216,3.3947632E8,1.01149837E9,1.13160717E9,5.18484768E8,1.83795571E9,2.68732832E8,1.07034739E9,1.5915576E8,3.19979104E8,7.63558E7,2.09716902E9,5.8103283E8,1.93935568E8,1.38426496E9,2.1919304E8,1863573321
203867944,177146119,1070278621,1990622770,1557143966,1431438347,219998966,45588532,1248321682,256705096,,1121137952,,276393526,1752222157,1168140033,2044226025,517246769,8.1214426E8,2.12546125E9,1.34873318E9,3.04922784E8,2.00700954E9,8.8125357E8,2.04229158E9,5.9201184E8,9.8316275E8,1.50702896E8,6.7442515E8,1.17177101E9,4.00842112E8,2.0392055E9,1.31469901E9,130641885
1313769231,902285831,1552196125,1553923155,1087397955,266077399,2081453377,15568.0,275512988,1759299053,183943934,529650624,1141817085,1808758170,1170538908,484904763,1304425915,518571416,5.7069638E8,4.5220136E7,5.067456E7,1.3791593E9,1.02772576E9,1.23256008E8,1.90144525E9,2.06635622E9,4.07289984E8,2.00992589E9,2.52359552E8,2.13528602E9,2.07813466E9,4.39781024E8,2.10348736E9,191704011
517472257,1629304156,936288734,197350264,1444617473,653808037,278991212,1552442928,554624855,763721157,657596944,1398914882,1834566199,435525171,530240535,787385603,951056143,98709874,8.0572224E8,1.16452608E9,1.9016608E9,1.34175309E9,1.75919373E9,7.770768E8,1.87040218E9,1.88003302E9,2.36853072E8,6.6484762E8,1.64023181E9,3.1103296E8,4.69524928E8,3.66929344E8,1.17084314E9,987809063
1257598480,1810812175,,399655076,1724828325,299277548,137484632,452697948,140351806,500548675,739907439,1659608446,1450908897,306228829,920560034,1901251039,1143654411,479891702,1.6391864E8,6.069278E7,1.13296666E9,1.49977904E8,1.76886515E9,2.0196009E9,1.61089408E9,4.08541056E8,8.8379987E8,1.62135565E9,3.8789536E8,1.59660064E8,1.12360166E9,1.96899277E9,7.4646003E8,1530099506
1207841523,846438388,,2129945086,2085895280,,734489445,769344797,1200619218,912078364,590199322,574750702,37339507,429336076,227581985,2100357395,1994093677,1907844054,2.09960461E9,1.18728461E9,1.42855398E9,3.56164128E8,8.9934864E7,4.9323968E8,5.9595974E8,1.49829184E9,1.64651088E8,6.8303955E8,6.3617754E8,1.90616576E9,1.99053773E9,1.16130216E8,1.89686016E9,2084971599
1266979788,1744747315,1617484805,1475403019,1231268372,15185543,1613501952,142396817,794991521,145143865,1427354278,720880740,739032263,222265138,,129933351,398973486,1030076984,1.03653171E9,,1.89093158E9,4.05547008E8,1.14898522E9,1.54515968E9,1.4082496E9,1.91413107E9,1.50360512E9,2.02408768E9,1.05920723E9,8.3469587E8,8814593.0,7.3058714E8,1.33404659E9,273034203
2081524167,2451230.0,307295807,1421113888,1446306,98475903,1346050790,122295742,930126508,1100910333,2085304301,1043238848,36424618,313706844,1450490145,166910080,,586312253,1.97218163E9,2.76300992E8,7.4278246E8,1.49578445E9,1.80661299E9,9.6713645E8,1.57777702E9,1.73478426E9,1.29012954E9,1.16990861E9,1.9788288E9,2.12713382E9,1.03189005E9,7.1913491E8,1.16045914E9,304372808
857876837,491007832,181164161,1093219925,,1371758827,1290538899,645385410,,14113832,66914771,1256527878,1224169702,,704065296,568969421,1637951542,1487119967,1.60564147E9,1.1598816E9,7.6533805E8,9.6747539E8,3.83701888E8,757,1.288508E8,7.2530803E8,1.80893414E9,9.7388128E8,1.14663373E9,3.57295392E8,1.26128205E9,1.34442544E8,8.0289011E8,1773962553