691982414,,,1537813509,2058217188,1854658411,1490328884,,2145369416,1353478186,233173775,,630617644,,31441275,,819269387,1314611005,1.60325696E9,,,1.80323072E9,6.7638682E8,6.9758496E8,,,,,,1.01022637E9,2.4690578E7,2.01786394E9,-385.36
1539745198,,1328935069,1858296428,1084825705,1507006657,1727139793,,1427443087,,2100510768,,568013175,,376541555,,365152840,567609509,1.10397504E9,,,9.3932864E8,2.28063248E8,4.3652932E7,,,,,,4.3056176E8,9.3403424E8,1.88527373E9,1.90091891E9
2128947653,,,660286869,1401289751,934578673,993943296,,1735383431,644464388,797059065,,374670772,,784754340,,51070440,1177464468,1.49236621E9,,,7.7922637E8,3.67718144E8,4.7747984E8,,,,,,1.1691511E9,1.59105638E9,1.49450304E9,2.09050445E9
1011751664,,1092973645,2000486037,1878022461,2009466567,1947058089,,618285847,1477388065,1096222562,,33060207,,,,196020348,2131708013,1.12307176E8,,,8.88728E7,6.1749836E7,7.8604909E8,,,,,,6.4751136E8,7.0862739E8,5.5957178E8,1.24956608E9
1551145686,,1334689140,925451196,2045331535,733875032,766582364,,802313700,942516214,1920171146,,932949248,,364933571,,236945820,1543382689,1.63511936E9,,,1.42826931E9,7.3607776E8,1.22624627E9,,,,,,,7.7381651E8,1.40713075E9,-385.36
1107756419,,,1989891742,2077687725,1349642295,76726.0,,1452447295,1182552749,1771693971,,88859671,,132985099,,157226466,1912470285,8.1046573E8,,,1.13525453E9,1.02365811E9,7.0123379E8,,,,,,1.0985865E9,,1.21564045E9,1.59220979E9
1934656511,,1117121551,,458272108,1469302703,611844381,,631224665,793284646,370421522,,1603434077,,843288750,,571541840,196882661,1.72550579E9,,,1.4738958E7,1.87194586E9,1.2906313E9,,,,,,5.22626848E8,3.5181776E8,1.51470832E8,1.1048393E9
428993534,,1802653912,1369850127,2129491459,520133979,1013673528,,1383289386,1637923417,1807797812,,254796531,,1586676439,,,1774802581,2.12384563E9,,,1.16053594E9,1.77810048E8,1.42875571E9,,,,,,1.40265728E9,1.04390509E9,1.23873114E9,6.7490342E8
1788409397,,756653661,2072734271,1662525903,228335744,301232849,,1591431872,48990129,1724355293,,,,1367487863,,,6.0,1.19711424E9,,,1.83341338E9,6.9412736E7,3.97469344E8,,,,,,1.83307866E9,2.06898202E9,6.9423386E8,5.884233E8
849101506,,,744654857,1799879546,450425112,59667455,,1314208759,,723914367,,1874220461,,119309175,,381062616,1113164940,3.45199872E8,,,1.4565216E8,8.9210682E8,9.833088E8,,,,,,8.6281709E8,1.92197005E9,4.3070092E7,1.17614733E9
1361902402,,656651218,715495339,,304425270,1964436361,,1806056632,2122957925,540417597,,864030470,,1264868190,,245462827,1413158653,1.47504538E9,,,1.14474752E9,1.68811277E9,7.7390912E8,,,,,,4.79233024E8,1.34045824E9,1.32642189E9,2.10412403E9
1677366233,,76726.0,771696407,1421524929,1820564668,1040148691,,1371398041,1448066419,1490123519,,1781205246,,1979315457,,1832652322,1049970275,1.77841843E9,,,1.80320614E9,3.38665856E8,8.2161613E8,,,,,,,5.5239629E8,1.90894144E9,1.11646285E9
893595669,,1005042481,378625749,105443220,190189915,1653800875,,835076151,607811465,74256027,,,,1108887522,,1998472441,1823953291,1.5739415E9,,,2.94896192E8,5.6857402E8,1.14109069E9,,,,,,1.6224352E9,1.70570547E9,8.6372512E7,4.21862688E8
583470789,,,336224262,90452401,414704876,1319467775,,938459052,1516675309,,,295909607,,665807319,,,1632366009,9.8000966E8,,,,1.31151629E9,2.85095648E8,,,,,,2.11414374E9,1.68305075E9,2.08676442E9,1.11222746E9
2014812279,,523522338,539482909,,1684217502,1059744032,,1790510567,87314338,907406559,,731680425,,460847388,,677096316,1835605590,1.02423558E9,,,1.21276216E8,1.86556877E9,9.0103296E8,,,,,,1.18111962E9,1.96066624E8,5.705152E8,1.69666611E9
,,1289364403,749484162,380441281,1146700208,1570774493,,541214879,1423252205,1275054286,,317289082,,,,1895523368,,7.5405562E8,,,1.36977101E9,1.05468627E9,1.33701414E9,,,,,,5.3948019E8,1.53428877E9,1.06681062E9,5.3576528E8
586273303,,18245783,893503414,503367055,286368868,1688055291,,1128974563,1679511384,1836577637,,841008053,,149847821,,1373783392,1374789527,1.63735501E9,,,,1.20547802E9,7.0581542E8,,,,,,1.19068864E9,9.5385562E8,5.80968E8,1.34408806E9
1376985119,,215167720,574096770,392018756,1172693122,1928145452,,602165384,,158571468,,1251628773,,701645881,,1097249018,817769025,1.12180198E9,,,9.5090138E8,1.54179814E9,1.69289587E9,,,,,,1.98785395E9,1.35987213E9,2.08531149E9,1.09772237E9
39641893,,1245491049,1132662132,1236261672,1724605156,,,103323144,1375633163,1325876803,,1348326693,,1866455161,,793567986,1109797213,1.75786099E9,,,5.32351872E8,6.1362556E7,8.3790912E8,,,,,,,9.5607648E8,6.3404934E8,1.9149664E9
2020212203,,,1264756808,1810650921,222267497,369107070,,2052956813,1777611107,1379336403,,345883803,,2091069096,,1389531376,811921302,,,,5.4155424E8,6.8907475E8,1.26480016E8,,,,,,1.0527927E9,7.8780198E8,163,6.6575312E7
792779872,,624841535,1232684795,539087917,364882800,,,105670778,2097590620,1702652305,,879627665,,650885195,,1018037099,728791355,,,,1.60374963E9,1.96177616E8,2.09993165E9,,,,,,2.79733632E8,6.3496269E8,,1.44049946E9
1761317969,,1074093983,1373192082,228581248,1760877231,1707152528,,1183265434,221901145,2004724757,,,,1450410139,,,,3.7738912E8,,,1.92709837E9,6.4212467E8,2.58506048E8,,,,,,2.13076083E9,1.52246176E8,1.2834752E9,6.5984326E8
1966144877,,1387649105,1012809657,1368958203,355117828,742067289,,198146388,882772406,1003805422,,1659245137,,674164963,,3.0,612566345,1.52577613E9,,,1.0767177E9,1.76393446E9,5.4924352E8,,,,,,1.73035571E9,8.4879832E7,9.7848072E7,1.69575885E9
1588243300,,1990929867,7157984,1997736363,913298530,830829947,,1401687354,2050306471,1055412466,,194220038,,74717504,,247591715,1500511310,6.5756915E8,,,1.38328128E9,7.5781325E8,8.1280864E8,,,,,,2.03376064E9,1.79773152E8,1.99354176E9,2.00435725E9
1584160065,,,310390873,111932967,1033229250,622247954,,103106676,705874643,1870917171,,813869021,,826967185,,1523596109,1999293712,1.51660314E9,,,7.7025594E8,2.0711406E7,2.53818688E8,,,,,,1.95611136E9,,1.34336218E9,1.72848358E9
722979473,,1114843583,164586775,4641465,1681004033,1607832799,,677662695,1881896227,1476466633,,889642028,,1002204578,,1577042895,907271786,5.5501747E8,,,237,1.5713184E8,1.8949656E8,,,,,,2.11836237E9,8.7056851E8,2.2671256E8,317446.62
348845519,,1191914289,81820674,1441529369,1657860622,841448618,,163682307,915608441,808255078,,2107069826,,303944467,,2016721993,724008339,3.93859456E8,,,1.69288192E9,1.96648282E9,1.5984489E9,,,,,,24,9.0712845E8,2.0753193E9,2.09716544E9
961284203,,,314453451,857278381,385246906,,,640424490,1696994474,1207178279,,1387566336,,738655129,,1703239,,2.97940896E8,,,8.6768928E8,1.19963904E9,2.4525144E8,,,,,,1.67989837E9,1.87890317E9,1.1502345E9,1.66949683E9
,,1423839490,1264651418,1012711753,1125715816,917808496,,576.0,985580380,1061578962,,,,403201794,,1038921072,6.0,7.4469677E8,,,1.83294413E9,1.6563059E7,9.2771136E8,,,,,,4.58965824E8,1.66187494E9,1.23123917E9,2.14728576E9
2048859088,,1863056408,220788644,1475822927,1592223258,1072114312,,461320694,504799543,1011582189,,1931668941,,99792001,,1116377295,574104838,1.84565875E9,,,6.9121696E7,1.03100186E9,8.4025542E8,,,,,,3.03228768E8,4.93412736E8,9.9463533E8,2.09547878E9
1345851037,,,1702508039,875527333,1495504737,1620495314,,1322356815,1112734823,720104083,,895972881,,,,84492544,703591147,1.74152909E9,,,8.9585856E7,1.20188941E9,1.23794112E9,,,,,,6.1190605E8,1.23015898E9,1.53682624E9,2.76274784E8
575483910,,141058280,1779472880,1720540966,1244242324,1941420163,,949941053,,1193456481,,1856265719,,1125637580,,438609568,261868592,1.77721651E9,,,2.9407376E8,1.88162867E9,,,,,,,2.13069965E9,1.85367834E9,1.39656934E9,1.24101338E9
620692274,,449430370,724649094,158286881,1675849800,1870893010,,1878991537,2023930520,895234251,,1827115127,,1181200779,,1499202263,1270117427,6.1596243E8,,,6.9041645E8,8.6033318E8,1.05431578E9,,,,,,7.126345E8,1.1907488E9,,1.2302528E9
1296960695,,690665993,1335252299,863224747,1903308858,466793164,,1075570263,1319906970,109765245,,1647813464,,928832695,,437198378,622751195,,,,1.1885175E9,5.31200832E8,1.02234906E9,,,,,,7.8692602E8,2.07195136E9,3.79212704E8,1.95877709E9
1835526513,,1870832716,1990179979,1974261426,645148294,585369209,,1391315798,245213331,73870298,,1995015934,,1408093749,,1104998,1858117623,1.33374797E9,,,3.76276E7,6.5548653E8,1.55341683E9,,,,,,24,1.69302323E9,1.19797683E9,8.0905882E8
737181267,,2009669145,238556227,697659652,1606598174,466411909,,1469953445,507487785,1524695007,,40149303,,1095717452,,1068464602,739764877,6.6232256E8,,,1.91522022E9,2.24808992E8,1.16867686E9,,,,,,2.1074185E9,2.11040832E9,4.91815712E8,1.30492928E9
1455240250,,50593981,546707753,1286085826,1548995759,1730666106,,1077473035,1780868329,479755879,,1061856222,,322855363,,520911992,1173757198,1.46968269E9,,,5.9521779E8,1.62169075E9,,,,,,,,1.90150528E9,1.21907405E9,5.8977939E8
1509383379,,2030987000,1361724208,2095073656,859648329,1142539831,,473948612,1673275657~2058788006,,557019060,,1862377854,,1267129257,835866729,1.79607718E9,,,2.09778714E9,2.10761139E9,1.23970522E9,,,,,,6.4690189E8,1.32373952E9,1.01041011E9,1.22265139E9
281525552,,1925316977,610434447,,945785225,1484112695,,94152351,600305335,,,831675196,,1920926483,,1000754896,521397695,1.90083827E9,,,6.2816244E7,1.37564954E9,1.94596576E8,,,,,,6.4344582E8,1.20549094E9,2.6536904E8,2.10094566E9
1194212640,,,1846265021,222651939,,539172089,,1365278949,976227502,1915271577,,1546759094,,375046166,,955727735,225880518,1.26496755E9,,,1.81393869E9,1.84437082E9,1.27223053E9,,,,,,3.2720816E8,,7.7229792E8,1.8634935E9
678338704,,,2047576057,928455131,1444813531,907537926,,1852891065,407047018,689718282,,551199995,,,,582201723,1766735994,9.1611712E8,,,2.70867552E8,,1.33119603E9,,,,,,1.11129613E9,1.98394624E9,5.6341299E8,1.14571238E9
2022434402,,787774511,778463979,203492841,1292844743,523930247,,1612941666,191476798,22650844,,1709600476,,1520772360,,308018964,1592002305,68,,,1.70575488E8,5.08138016E8,1.60071706E9,,,,,,6.1317888E7,1.51419968E9,1.29686298E9,1.90215539E9
521275524,,844868841,1139561027,1992900160,706254486,117013063,,232783845,1500349912,440590718,,609143578,,1309344984,,1828662779,533107441,4.32456864E8,,,7.8316269E8,8.7445485E8,1.94958112E8,,,,,,6.0841126E8,6.418272E7,2.01717568E9,1.86374118E9
1338627974,,862658159,1345156695,1109039966,1390686212,854439115,,1814207224,751959331,1760302867,,11783359,,723343468,,2032799715,2099634334,1.56195597E9,,,1.9599607E9,1.82387738E9,1.84664256E9,,,,,,1.86704922E9,,1.46338995E9,2.54852288E8
843285189,,1898527868,837385241,2108107814,1018324715,1856930027,,,1267281240,536682600,,287483760,,1196961286,,128405187,297392921,9.5389952E8,,,9.136396E7,1.7768841E9,1.9737545E9,,,,,,7.3274195E8,1.22039936E9,5.11371968E8,8.3805632E8
1797042657,,,227535890,276846089,1687958062,1338531622,,1209570180,1770894216,621320366,,1184323066,,611815549,,2093297943,959939444,1.48120115E9,,,7.4603347E8,7.7771123E8,7.8543571E8,,,,,,1.6322848E9,3.0747048E7,1.60685581E9,1.2557129E9
706176167,,1681086133,1198783059,326671204,1847657288,754722614,,1127032770,802577390,4.0,,220300657,,953121891,,1401908174,,6.0477235E8,,,2.35086E8,1.26190899E9,1.71535386E9,,,,,,2.5572228E7,1.75222003E9,7.2187392E8,3.00531552E8
206146220,,883687171,2082547808,1214820644,1780425251,216091869,,1554243640,370479458,387120522,,315135762,,,,444300659,1868113895,1.34219488E8,,,1.89947008E9,2.06733005E9,4.9354556E7,,,,,,4.03965664E8,8.9199469E8,2.12378272E8,1.66057344E9
1971903726,,381207771,1759027771,1459114110,1109366547,1925404089,,1560037562,1575021039,2107543428,,1854662013,,184814149,,3.0,,1.43668736E9,,,1.85126848E9,1.22192922E9,6.1351174E8,,,,,,8.0757446E8,6.4614387E8,1.41461888E9,1.49509568E9
305041917,,1738523872,634786601,1578161695,1458242705,211707903,,,947930296,1591707809,,1447821428,,15648969,,183705463,1008408480~2.2977868E7,,,8.8186976E8,3.96674048E8,5.5307936E8,,,,,,1.48499738E9,6.7511736E7,1.72094093E9,1.2853852E8
2074422760,,1481455176,374225653,86476924,815658350,688207124,,1885566885,1407811565,1654853706,,1522314539,,1750175788,,1172163063,636021608,5.6960365E8,,,1.78282074E9,1.786944E9,8.9224198E8,,,,,,1.51855987E9,2.01432576E9,3.54340352E8,1.66859354E9
674341339,,152748111,960534391,1567448129,1271522106,1345334651,,1552578432,1215712856,1617022318,,945207675,,,,1110484652,,2.12883558E9,,,1.11207795E9,1.07877824E9,4.54224224E8,,,,,,4.31062304E8,,5.19533216E8,1.19274342E9
193099921,,329391310,1871656355,1735820623,1951669316,704897912,,572802426,529007378,214629973,,127067268,,1471137524,,651216261,,1.90833651E9,,,6.4220934E8,1.41700442E9,1.10949798E9,,,,,,3.6529344E7,9.013511E8,2.03516723E9,1.18843546E9
2033377323,,,332211442,,1451291472,1792681268,,860784905,2058002277,,,120600279,,75857958,,1295368821,271854604,6.4091987E8,,,2.52751072E8,1.84012762E9,1.2841335E9,,,,,,1.1774889E9,1.47210125E9,1.34333146E9,1.5159415E9
225220741,,2117048943,1107622617,649905014,1799093392,818700968,,319391201,409039843,1712181671,,856291966,,1120197750,,914759198,333235791,3.39616E8,,,8.700441E8,7.3122195E8,1.48661146E9,,,,,,1.50520346E9,3.78645952E8,6.5630899E8,5.4563056E7
600197548,,223417162,4675209,,1380495697,,,541599557,1631528323,,,1496408934,,794997555,,95850603,1326290231,1.41832179E9,,,7.837911E8,1.99687834E9,1.79748787E9,,,,,,6.184039E8,5.5788877E8,1.01920518E9,1.1750743E9
1329400346,,,1644078334,1082430014,,,,648047208,55899151,1995855012,,587572320,,1777803122,,1941963655,1743900963,1.0859991E9,,,1.71519373E9,5.4808858E8,,,,,,,1.45582234E9,1.43678618E9,1.90952474E9,9.0011224E7
316217187,,,1103749403,1556084148,1953107530,1020915416,,801256787,30537922,624538611,,530886373,,,,1006093358,2143910516,1.02055181E9,,,7.1790611E8,4.7040208E8,1.17006502E9,,,,,,1.92683494E9,7.8769126E8,6.3602995E8,5.0763672E7
1490871705,,239751980,1579668303,1005284280,1502934425,95706279,,252980616,2003610393,195225064,,1908163150,,1935302160,,1788084046,430483576,1.27391974E9,,,2.24489408E8,2.09271206E9,1.53062899E9,,,,,,4.9567328E8,2.1367088E8,8.7122765E8,3.21063232E8
945510074,,254922505,380321626,1528651178,603792622,245182427,,157771938,5301.0,,,130698760,,1484926313,,274606440,1426673918,3.15717344E8,,,1.13623565E9,1.17816358E9,1.92778848E8,,,,,,1.1080516E8,7.5411174E8,7.725456E7,1.31349005E9
476180737,,,725992432,470066453,1538562623,315204243,,1286215812,416867931,1076072747,,24615887,,1296050665,,453502314,300882064,1.62528371E9,,,3.91152704E8,2.05733734E9,1.71918618E9,,,,,,,5.8048301E8,5.4776416E8,9.9704E8
,,1834477755,1165832099,705821865,1899146427,550883056,,939758012,348109058,789395098,,1456823456,,805245724,,3.0,427738058,5.29668416E8,,,2.57970608E8,2.12782131E9,1.74187424E8,,,,,,9.8836621E8,1.78172365E9,7.5938074E8,1.93519603E9
914568080,,1236388463,951654430,1640777348,859430566,697616052,,1958162892,2043808356,1243977887,,1796012183,,426365277,,770091937,789172571,1.40903968E8,,,4.41263104E8,9.3589491E8,1.0641303E9,,,,,,1.92627469E9,1.9897168E8,1.97234342E9,7.2741197E8
2015579129,,569095982,629378363,1973326525,5301.0,,,892381233,950020448,77388122,,1643830721,,1366645653,,897590858,1228064261,3.37095392E8,,,1.45201776E8,1.13451366E9,1.93458458E9,,,,,,2.01123648E9,9.7423014E8,1.13407206E9,1.98868301E9
439428102,,61390319,2061161753,1916942434,1517138275,1007026478,,1711215343,67335423,380748220,,2040624692,,2036533032,,1185531465,1717558030,4.99909888E8,,,1.79575117E9,171,1.35971149E9,,,,,,6.6431821E8,4.06208768E8,9.0510739E8,1.21244224E9
693958952,,,1543136955,296159770,1293049628,1150172513,,1383134881,1906703949,1245844906,,2083885331,,716704409,,1589665882,2117577600,2.2544924E7,,,4.04437824E8,2.10311142E9,3.68514272E8,,,,,,2.10966067E9,1.57663091E9,1.80661939E9,1.98334477E9
1320990705,,232506153,436424183,419419067,1129074996,1174610108,,1328538622,5301.0,91401034,,753325048,,612597617,,1875475297,1930267058,1.5989865E9,,,1.74000346E9,6.3090419E8,2.0363991E9,,,,,,1.757072E9,8.6662938E8,1.85632474E9,1.85870042E9
1392174310,,1938131156,1114841887,1774310496,2006010916,1966213371,,245887250,1357485745,1797664906,,1751869881,,1618822838,,2127111260,,2.31283168E8,,,1.43862042E9,1.69859661E9,6.4172397E8,,,,,,2.0259648E9,1.73609267E9,7.7246573E8,1.10808077E9
105901008,,,1284901556,163080425,5301.0,213181932,,1543087008,932605305,1779701502,,512805127,,,,1470635925,1442926612,1.07878285E9,,,2.09684109E9,1.60895987E9,1.06243648E8,,,,,,1.93953498E9,4.50668608E8,2.08758656E9,-385.36
1075104385,,484726120,1555737048,1851326706,1105437503,1055546815,,1607254475,671977632,939154612,,455391386,,1872574273,,1036220382,1690669581,1.22461286E9,,,1.42979213E9,7.053175E8,8.0404019E8,,,,,,1.16782451E9,1.94086541E9,5.0782564E7,1.71382656E9
971790719,,1498743966,1672694417,685695597,289535382,1075612661,,1519473524,1051547932,1631638127,,1883073778,,270376881,,86950827,1960543126,4.11066016E8,,,2.20000384E8,1.27312333E9,7.4723034E8,,,,,,9.6112006E8,1.07718387E9,,1.02731648E9
,,462195359,1420993423,825790094,1650514118,558885315,,1068604217,595670779,1318252394,,759995629,,755694158,,1204845819,243235840,5.2299408E8,,,4.62806112E8,2.03989056E8,1.39003123E9,,,,,,2.11655632E8,1.0244016E9,1.13062502E9,7.2360032E7
2072446589,,,1345868647,,74857296,275006546,,2040588908,363544088,2142901728,,1890257503,,117127306,,525917817,603264120,1.30841882E9,,,1.05023206E9,1.78557414E9,5.848012E7,,,,,,2.97295424E8,1.77168947E9,163,1.44101926E9
1337882404,,,409806415,1856441079,421536151,1585039736,,1030949323,60894866,435313872,,,,615750316,,920896436,1231564095,,,,3.40034432E8,2.01542208E9,1.66943968E8,,,,,,1.31476672E9,5.6121715E8,7.8313254E8,1.34720064E9
1203893719,,,1260875712,1402743445,66476306,1875011324,,180471337,1883408195,1600834854,,2145547500,,197829523,,2136771247,1519784914,5.28350656E8,,,5.4057517E8,5.6194829E8,1.82289907E9,,,,,,5.3053308E7,1.50440602E9,1.03793384E8,8.0118822E8
1879116859,,,,1387285549,1276056964,2025980634,,339882624,1839782033,51516882,,769537894,,405872213,,601616410,1138002732,68,,,1.06065485E9,1.16143219E9,1.29499032E8,,,,,,9.7920352E8,1.63763123E9,1.67431168E9,1.79168806E9
157482376,,2081544079,2131459064,712565943,742191983,480601050,,254439430,2106241422,702067751,,1388902946,,1010633015,,1703273219,1908984119,5.0819344E8,,,1.43085888E9,1.52267315E9,3.47953536E8,,,,,,1.42946061E9,1.56531251E9,1.7829088E9,7.0753453E8
798075176,,1485493737,1941731962,700386133,5301.0,1179801952,,1798739531,1957021315,752820011,,1984816286,,956668753,,730489426,244415102,7.2789779E8,,,1.32809434E9,1.53226035E9,5.9003757E8,,,,,,2.1144585E9,1.13523635E9,1.13059763E9,1.02609651E9
680804872,,,1487835689,1354027680,1334532861,1130111651,,1474874457,,2106763708,,566038308,,1608741758,,351813414,1233352579,4.11998496E8,,,1.87013658E9,1.57020557E9,1.20445208E8,,,,,,1.98362048E9,2.06707507E9,3.5449312E8,9.7998899E8
1965208726,,1153481809,1352993762,720800839,703086246,180833494,,1743113357,1462658908,1770309287,,661427126,,110516973,,594708550,1153091452,7.4742029E8,,,1.62306394E9,7.6755392E8,2.06668621E9,,,,,,8.8561152E8,9.7374202E8,2.05133722E9,4.4116096E7
2145670882,,,957653097,897307131,557258292,622656070,,473863335,82183283,886486662,,465260095,,1060482416,,1246928409,618638179,68,,,7.4881677E8,1.27566234E9,6.6072141E8,,,,,,8.9983834E8,8.467079E8,6.5668474E8,9.5161376E8
1312798040,,1021005425,1179485580,2108639087,1331445315,2098746612,,949129344,1306659510,2103269911,,1897211700,,,,1403368150,1097746056,9.136928E8,,,6.0784806E8,9.6463738E8,1.54110554E9,,,,,,1.70132198E9,9.1521376E8,,6.6109798E8
1111955369,,215195990,912455564,830336656,158448316,1663892095,,812430111,1550074838,1345080118,,1818201170,,1533501622,,440550701,788524572,2.11580877E9,,,1.05061056E9,3.34587328E8,1.45713088E8,,,,,,1.05651674E9,1.70955738E9,6.6300339E8,2.02415245E9
1454360300,,,1244394577,588755807,537309748,1588268577,,576.0,768158071,1596467417,,1803060870,,824660954,,1614295142,521469092,1.89285594E9,,,1.78380672E9,8.7706381E8,1.9931232E8,,,,,,1.69847475E9,1.49664192E9,1.98805069E9,1.17187251E9
651057188,,1246006129,1564678284,1760542840,1623459555,226748992,,845252630,1182735848,1611192557,,1584036053,,873462188,,1330979264,442740071,1.78386522E9,,,1.57448346E9,1.39765926E9,6.1597261E8,,,,,,1.06689848E8,1.18223142E9,1.129694E8,1.40352819E9
498258598,,76726.0,1981591206,1048619137,583042380,1504264734,,702829515,435333258,554139782,,848383868,,1494532323,,1670390183,189078027,2.08916518E9,,,2.10482957E9,,5.05627168E8,,,,,,1.49905318E9,6.1107091E8,1.83128397E9,2.74873632E8
930713991,,,848547213,1488165470,1181439068,1070692961,,75156887,886356561,846261142,,1893130907,,1030828042,,1028330954,2110119809,2.2271308E7,,,9.1174995E8,4.92624992E8,1.81519578E9,,,,,,1575526.5,1.79689395E9,1.17510298E9,8.6626778E8
1366288944,,,1236158028,515287534,803197752,599336582,,1827190751,1136396202,915744333,,62000261,,9298.0,,164638110,778859907,68,,,6.6049254E8,6.5479418E8,1.73659251E9,,,,,,2.12671219E9,7.4281619E8,1.22369152E9,5.3997734E8
1568284122,,1983803162,1693406834,375350503,1866962215,2046856994,,1776853332,2002863476,,,11.0,,1428394510,,1218163955,213759331,2.115788E8,,,1.5180768E9,,1.74771696E8,,,,,,1.3819088E8,1.92176486E9,5.484023E8,6.4309325E8
183227544,,1230535156,1163189598,1253614838,2115312682,1641535870,,841124997,715926032,476551096,,240178796,,899714898,,1310076260,850146614,8045990.0,,,4.04372416E8,1.04107603E9,6.574176E8,,,,,,6.5522458E8,4.12591552E8,2.20506816E8,
1697994982,,676825752,1603931283,1198906571,768419443,933577731,,432164863,1846242803,135603956,,11.0,,1498852575,,1033358076,2143561692,1.85252557E9,,,9.0169216E8,6.1126556E7,,,,,,,1.7887008E9,6.5644237E8,4.39395296E8,5.809657E8
814394737,,,329482050,1025847173,292055594,409553043,,713971363,261173681,1408649354,,1363240099,,,,1475076862,1023924592,1.18687923E9,,,1.01831206E9,1.34777498E9,2.03977587E9,,,,,,1.38674534E9,1.40960256E9,1.93174246E9,1.06512147E9
1840917777,,1840000979,2146613297,1643097343,1299875593,953095511,,228704549,5301.0,225912519,,,,686690871,,1679820254,2110315573,3.34355488E8,,,8.7017939E8,8.8623456E8,1.14071168E9,,,,,,2.13917542E9,5.00405952E8,3.35582048E8,1.53216832E9
1820845844,,,911958043,156988084,210932964,818427487,,2137835461,1911497826,312899808,,1806420068,,184289198,,1670241270,1688054389,7.7256666E8,,,2.03099443E9,4.95755776E8,1.38165197E9,,,,,,2.9301344E8,1.09006925E9,1.552096E9,1.23707021E9
1334320261,,571982374,1708697830,886040256,1892123859,1982132799,,1399414930,948799756,1745450717,,419440512,,1061632002,,1427355582,997071348,1.8635287E9,,,5.3794598E8,1.98262029E9,2.49843136E8,,,,,,1.93414669E9,1.19576422E9,3.09598048E8,2.13997594E9
1713900178,,1509108363,1754509491,2050200722,811243034,2139764975,,1775778501,257425028,,,1800793651,,2068748962,,728334269,11688399,5.7081734E8,,,2.26016288E8,3.928448E8,6.942841E8,,,,,,2.45294352E8,163,1.59980314E9,3.29624544E8
673430616,,277900632,407647510,956358366,1822903996,1910401436,,1558154490,1395340241,2035765582,,1334560200,,492918610,,1456644014,68335185,2.03424256E9,,,1.0795383E9,9.4358822E8,4.2076352E8,,,,,,1.0802615E9,2.7291004E7,6.7182234E8,2.10176666E9
1669161793,,172664594,944111098,1895493623,703355138,1735722464,,2131165538,459880287,1769448271,,283691571,,356604294,,562497726,1403809757,68,,,5.4942886E8,3.97358688E8,1.89448243E9,,,,,,1.499284E7,3.74051328E8,5.644473E8,1.01481696E9
246320268,,,1970434557,2123920448,206529629,1298912873,,750488693,637152359,102381759,,208717404,,235092648,,,1847032246,9.5021939E8,,,4.26105472E8,2.09104896E9,1.32157491E9,,,,,,1.44784691E9,7.5090266E8,1.32732096E9,4.5267764E7
1034307989,,,1844101240,1074576948,27681668,671335610,,1458390175,673452728,1755044990,,1038583088,,1788192312,,292065262,898078094,1.93362381E9,,,,1.24463155E9,1.70420528E8,,,,,,1.63594534E9,1.82100442E9,8.2021747E8,1.61526362E9
905864205,,1600425030,1300578953,369201741,1461928287,839533000,,1866721587,1551676452,1239625651,,,,400471855,,1528267907,357812356,1.5621783E9,,,1.00252621E9,6.2191622E8,6.6639526E8,,,,,,5.3311088E7,5.724192E8,1.35659149E9,8.4483136E8
1760238710,,904591361,1398821189,1839958461,999897130,268225353,,326409729,2094752896,700441391,,1314792917,,1030065830,,580548514,943665910,8.948716E7,,,1.9278056E8,1.66887488E8,1.48832538E9,,,,,,1.36283866E9,,6.7558054E8,1.93000563E9
1764352141,,,1527936287,1065226549,1850648068,201881551,,1475644503,2140392872,4.0,,304625768,,1267230360,,1681990166,686996382,4.42414944E8,,,8.1011232E8,6.6116436E7,1.99692774E9,,,,,,4.53054048E8,1.30653414E9,1.75551706E9,4.33214624E8
666198200,,1077268527,1623005730,392929256,,76726.0,,1835225402,1776094718,1368821737,,879200343,,375450073,,1245059397,1439102932,2.23397424E8,,,1.40939866E9,3.33494272E8,4.13152544E8,,,,,,1.7754368E9,1.93635686E9,3.73084864E8,2.1186496E8
1390795391,,1693168405,1074961807,2023969174,987443589,1442212211,,1763626279,2089222264,398352400,,1782539494,,767120050,,448508230,237112115,,,,1.57368102E9,1.15412672E9,2.40051232E8,,,,,,1.75355674E9,1.46367667E9,4.6162064E8,1.60470822E9
,,,1129811263,1838432740,1381186196,1979824756,,166349253,88372043,1598547965,,544250287,,889760456,,1625080318,1844283935,1.72107917E9,,,1.84086298E9,9.6710938E8,8.9590579E8,,,,,,1.78441267E9,1.16250099E9,,4.4988464E8
81596.0,,775818408,2014113608,2004202903,1564448146,636674327,,292852070,2101301295,1109950635,,1833424614,,1251021443,,888277055,425838401,1.12348288E9,,,7.9523014E8,1.58788992E9,1.16658982E9,,,,,,8618112.0,1.07758016E9,1.28359475E9,7.2279085E8
1772935153,,1042072278,1422364964,1469142827,250336121,348775433,,2130165833,1120814040,1034094846,,1991090608,,716992367,,671561420,1991109070,1.48430656E9,,,1.42570202E9,4.19087E7,1.61048448E9,,,,,,,1.4186921E9,1.86177971E9,2.06396032E8
1152820876,,691736051,1876479575,452848594,33465933,268571142,,324090194,51302438,1727546917,,212126555,,1480829234,,111427497,1099558560,1.29046792E8,,,2.74500032E8,1.66601357E9,,,,,,,1.48308698E9,1.8893161E9,7.8206739E8,1.76103142E9
458785106,,1635581462,237607389,341994367,63124042,1053561457,,355263577,882062589,112972641,,2108501167,,1405094934,,1467729938,238368799,9.0126733E8,,,2.04292429E9,7.9980595E8,7.87632E8,,,,,,1.76070374E9,1.85648016E8,2.93457696E8,4.88695424E8
615277488,,16044321,1543231768,33151440,1798927935,1213587953,,1622735794,1364549531,1805111228,,1262191126,,256249040,,409673394,,,,,4.34165312E8,171,1.24192397E9,,,,,,3.4853344E8,1.10841293E9,6.5879194E8,2.03768976E8
953220391,,,470547770,1075817257,1693670260,1197149025,,822854165,241720996,989780683,,618276132,,1087846360,,3.0,1010672341,6.5053677E8,,,2.02354138E9,4.87091776E8,1.10184474E9,,,,,,1.70711053E9,1.78173664E8,1.2502153E9,2.2482328E8
1585934111,,1157249625,703247096,1609991773,989507981,2061891116,,95940089,1202309137,64961888,,291267167,,422680750,,230026863,593715051,1.10264691E9,,,1.65376614E9,5.34117504E8,2.07746957E9,,,,,,2.21368064E8,5.6471277E8,4.92698432E8,1.66646554E9
298633789,,717122686,900468697,605332836,904407202,23639950,,982266364,103113943,1710214568,,1151958716,,68898852,,425331477,1403013283,1.62124211E9,,,2.0428041E9,4.94766976E8,5.6253318E8,,,,,,1.38082893E9,3.51960544E8,2.08682662E9,2.077468E8
1477256463,,,1230532327,626580174,1685359289,106282559,,1091865046,152791253,1119267770,,1344348665,,2110194727,,1543174644,210376784,8.9964762E8,,,7.8791373E8,4.82744E8,1.29785459E9,,,,,,9.2348902E8,4.43879776E8,1.6478409E9,1.52596493E9
6539216,,1711689283,1124749412,1728174560,1156736163,935452218,,,1227502755,1858673019,,286497562,,1086680262,,1651260942,229844888,1.16298598E9,,,2.10260768E8,3.79472256E8,1.40122816E9,,,,,,1.62262554E9,3.95732672E8,1.57870144E9,1.84188506E9
1096481903,,,525390482,406875289,827664571,1184886308,,1984413276,1602200212,692021031,,263491705,,1021515305,,1208436003,1322761036,1.8237801E9,,,6.1809094E8,2.22376784E8,1.99194714E9,,,,,,7.6967027E8,1.87377075E9,,6.007673E8
744491875,,1722439714,1937923152,362106759,1953797597,53605277,,381938762,263584174,535951295,,1193189620,,489000139,,2031185970,329933587,1.91857882E9,,,1.05002408E8,2.16741056E8,1.15941069E9,,,,,,6.9793069E8,1.22191974E9,3.3588256E8,8.7821939E8
1581682664,,1173877388,2010609299,1380080539,1212802603,1018116097,,1138047602,1996120445,1589343915,,1958275102,,455264994,,1809910523,91892642,1.26386496E9,,,1.94664794E9,3.39972E8,2.09262285E9,,,,,,3.97286496E8,1.29434216E8,1.55283341E9,1.70835059E9
303524039,,,1964738371,1314579220,1529778994,367221022,,1378372170,1052663263,1438356715,,1621685245,,594467380,,1705876902,1605253807,1.69978099E9,,,1.46963686E9,4.35974944E8,1.75536922E9,,,,,,1.66981747E9,1.49818253E9,1.43167718E9,1.47227277E9
1550170061,,,1985709939,345462781,771834812,1413685693,,757435853,1641138897,1370744357,,1919113414,,1588991623,,83618503,1124455264,6.0736819E8,,,2.69515456E8,6.4014061E8,1.14534592E9,,,,,,6.1004557E8,1.68623744E9,2.60322016E8,9.4849869E8
1969016,,1549536953,1684420092,2032370349,2013639064,866934077,,888313569,1718943886,1197411313,,290137551,,546494594,,606132127,655025454,1.79731597E9,,,1.77411994E9,2.90677632E8,2.13325773E9,,,,,,7.438935E8,1.74392538E9,1.74895206E9,
599581987,,954458705,153055178,810427453,5517276,641135662,,,408023637,600977356,,705158233,,1108414912,,851356993,268162507,1.15530048E9,,,237,1.58337715E9,1.07933094E9,,,,,,4.59578144E8,1.25839923E9,1.762032E8,1.2321417E9
872156116,,124566840,1992227635,604477975,1365433725,1765793493,,246069787,1249018238,525528956,,958215549,,1565212567,,1792291275,252295001,1.2506327E9,,,2.6920286E7,1.4514432E9,1.83111539E9,,,,,,1.57280992E8,1.07442342E9,1.88265958E9,4.5863456E8
1927098520,,1251005958,1139802622,692302876,902753245,1949940584,,1738935067,250675727,4.0,,1055656503,,1182595472,,1806831294,1386848771,9.209369E8,,,1.88963008E9,4.5484384E8,1.27953882E9,,,,,,9.0467475E8,3.50395616E8,1.27478528E9,1.16274266E9
435737662,,1709368114,1988366390,1780466192,1932221465,1455254446,,1313783611,1258129853,198599527,,487793698,,493815666,,89511634,1907500496,,,,1.7119952E8,2.14326426E9,7.3069414E8,,,,,,3.01236032E8,1.08502144E9,,1.42868762E9
900071669,,777993021,2127006164,1705834363,832675395,2056930201,,1572956676,76433900,1294181492,,442239923,,727545920,,548137948,1509453750,1.56931008E8,,,,1.89419955E9,1.46988403E9,,,,,,7.3043539E8,2.0388375E9,5.2332464E8,1.69807296E9
398372551,,1334252008,1792440009,2043940136,704960495,1409941712,,1262518920,817373376,1568855444,,604632786,,875172025,,360670261,1673309109,7.7176416E8,,,1.31767885E9,1.9669751E9,1.43497805E9,,,,,,1.45853824E9,2.06850931E9,1.15925286E9,1.37794611E9
2105639203,,,166123272,931657733,1717181643,36657033,,1367873592,973583563,1142275721,,625700476,,,,283481389,,1.28524378E9,,,2.87747424E8,2.03036096E9,1.14642406E9,,,,,,2.03477286E9,1.68635827E9,4.95871648E8,1.85409296E8
1266014363,,192022428,1130661016,827398475,1098744051,1694586868,,1498836421,,1767685433,,,,1839902082,,266422797,1965898179,8.479609E8,,,2.45525024E8,,1.9851817E9,,,,,,,1.44895219E9,1.91186406E9,3.675152E8
633857555,,97961725,1815356113,693390305,1129726853,84360359,,180666062,1499897848,1848092022,,289494702,,147375267,,755290270,1193283285,1.39102042E9,,,1.97498714E9,1.65460032E9,1.15970688E9,,,,,,1.15604326E9,1.46460928E9,4.0561356E7,1.60913587E9
853459275,,67507287,751878392,1031949421,179988536,1291407689,,1886138623,1517336620,376567034,,1018532899,,1616479777~,2028084536,802967263,1.03568909E9,,,1.7502946E7,4.99383264E8,1.69087283E9,,,,,,1.85494477E9,1.98089293E9,1.75053466E9,8.8540128E8
1880471594,,607670751,1018687988,323865423,1675587242,1643634171,,300875075,617296850,1849177549,,77888233,,662835924,,1268276137,394125514,1.52646285E9,,,1.43683661E9,1.46496154E9,5.5251059E8,,,,,,1.0958103E9,3.79601376E8,1.5067799E9,4.13285856E8
2088392460,,967719776,1780401643,1679179145,784631546,739829467,,150075147,1668851534,195938888,,11.0,,1307821770,,149827528,125383768,1.41578854E9,,,2.02075344E8,1.122544E9,1.25141542E9,,,,,,1.71740058E9,9.1341568E8,1.12151232E9,1.70055757E9
1718357625,,586890357,564880218,1388290297,490765937,354063016,,,5301.0,1785036631,,527804836,,1273752682,,192244708,1377814103,6.6939405E8,,,7.5958662E8,1.25578048E9,1.58760032E8,,,,,,1.52404403E9,5.901623E8,1.24039984E8,6.1812742E8
424938241,,,1920722235,,1265687024,27010572,,1209892691,912086452,788860074,,52053464,,2066885308,,1093207877,1479229514,4.8354144E8,,,2.01436838E9,1.30197094E9,9.1750381E8,,,,,,1.4458158E7,1.47495782E9,1.48453184E9,1.2681216E9
1037584375,,16251391,1706040804,766235116,661972546,595490133,,1964113121,1034037777,135825990,,776946253,,487380720,,64544405,1291907041,1.50788493E9,,,6.0058611E8,6.5552243E8,1.54436634E9,,,,,,1.6639256E8,1.2771255E9,,1.76205197E9
529040650,,459770079,765337079,1803552091,1655702363,2006244716,,2022614369,1405230853,942246025,,534788719,,1937398385,,1163807765,244923629,2.5668888E8,,,1.21569504E8,1.75721587E9,1.89274342E9,,,,,,2.12090202E9,1.81348928E9,1.04899302E9,1.40607264E8
69947963,,1875676910,1303400205,403359995,9439645,1585117231,,2084737234,274419273,774207135,,1443340098,,1340091514,,1023238830,1882703986,1.19363944E8,,,,,3.78038336E8,,,,,,1.41487834E9,1.85954112E8,1.68866086E9,1.83657869E9
226190297,,,1534972884,402781611,795109971,1794061205,,1185371788,707167870,286591581,,,,986066765,,167360408,549410251,4.67940832E8,,,1.28822618E9,2.10853978E9,1.08669581E9,,,,,,8.9404704E8,1.07432653E9,1.02923878E9,1.30371738E9
1338440594,,2141302520,717960562,741676783,5301.0,842440511,,1671718244,876068332,1651865015,,1569658147,,509730690,,2052015371,870675813,1.14161139E9,,,1.30597542E9,2.13888704E9,2.09782848E9,,,,,,1.44597696E9,8.201616E8,1.93817344E9,
,,674148726,1951157862,220841697,1742566410,1355657065,,1875580709,14013991,1725442247,,1835877153,,1754427951,,454993349,1920603600,1.72130112E9,,,1.1255712E8,2.75796608E8,1.30021069E9,,,,,,9.244848E8,9.3224934E8,1.51089242E9,9.8767046E8
1273822653,,,523306240,361964086,731727858,901732193,,1320832529,150458044,252516739,,622889065,,1436205427,,489493431,288534078,1.76421824E9,,,9.2930138E8,1.25838298E9,1.93495152E8,,,,,,9.7619174E8,1.18907098E9,2.02480486E9,1.41546342E9
56889140,,608537940,1040586410,478816575,694463512,1688227294,,573789327,1292778330,1557682320,,84720262,,1401284300,,1913541824,,1.15357658E9,,,3.41398592E8,9.9623085E8,7.2286746E8,,,,,,7.6220947E8,7.1216909E8,1.35495744E8,5.7341926E8
1008551870,,1369659977,1642460134,174876177,1526289885,1935606298,,800384300,1407488834,427974574,,1111112256,,1390628659,,1091094067,1324790039,2.10340992E9,,,1.55182925E9,1.57409024E9,1.43315098E9,,,,,,1.42080243E9,1.29978278E9,1.29910746E9,1.15092813E9
1649919702,,,2108900667,35035195,1489932881,1382610349,,894183701,1682373586,1456743900,,1541533729,,45836610,,1476751972,1380466878,1.05887859E9,,,7.421015E8,4.16360448E8,5.00176544E8,,,,,,8.0254182E8,,1.16186291E9,1.00393472E9
370443965,,1854847511,1886437071,1648395792,301856599,959232376,,5950685,777503099,869517501,,1282779966,,1314119405,,647726717,51270471,1.55856806E9,,,2.13559706E9,9636195.0,2.50323008E8,,,,,,5.5173293E8,1.29834125E9,4.76200896E8,6.9501242E8
352101310,,1909672945,331127621,1335068948,1337757703,1676554592,,1994924375,,2138765594,,11.0,,1810220216,,1635380315,1183258618,1.53477491E9,,,1.97409536E9,3.27478336E8,1.79665779E9,,,,,,1.22159002E9,7.6214611E8,2.43282832E8,6.7856243E8
1112325871,,195269161,176578277,2005953095,,1987079822,,873383288,213976256,486745689,,749507330,,1195342758,,1952260927,847814320,8.2380627E8,,,8.3376614E8,1.95008768E9,1.27415603E9,,,,,,1.06554694E9,2.09794317E9,1.29099072E9,7.6268784E7
551767305,,1844721280,1174193484,1029420340,857669598,1326511685,,390736770,193174175,345876227,,1291029941,,1262378910,,1683825109,1001746741,2.65431216E8,,,3.5729088E8,1.86665907E9,4.72056544E8,,,,,,8.1233274E8,1.74792269E9,1.78405171E9,1.13038451E9
949710476,,1116675505,522024770,1865588559,1428538912,1125133845,,226297731,2049700985,1977904823,,595069103,,1860826295,,1592631752,137647375,1.73518874E9,,,6.730896E8,9.5247962E8,5.16260736E8,,,,,,1.44495693E9,8.1216794E8,2.00442189E9,1.5068736E9
255146303,,1035163942,1202091368,693418176,57309429,603840994,,1708114393,416048310,1876277444,,1110139167,,1425715486,,2135101768,1642601167,4.92956192E8,,,8.8857568E8,1.7235913E9,1.46625344E9,,,,,,7.8258752E7,1.64488499E9,4.25957024E8,3.5132252E7
866107632,,263598447,1939825521,18238281,786299004,684797922,,,248457383,362804659,,1804993389,,130655722,,,,9.6116672E8,,,1.08172275E9,1.71409203E9,1.45919949E9,,,,,,24,,1.67148902E9,1.93152704E9
332533786,,,850798290,1305062534,664830279,918879048,,562734833,1542076937,1765906234,,354679391,,254382023,,150252075,435034480,1.0225961E9,,,1.84334822E9,7.9615437E8,1.92228787E9,,,,,,1.04745786E9,1.82387008E9,1.68074112E9,1.0181936E9
1792051875,,1150915196,2013272776,2053912119,282199914,1640278190,,447735877,1161010406,906279532,,1381892430,,546860187,,1836763933,66760059,2.11575078E9,,,1.90430554E9,5.6078848E7,1.02371334E9,,,,,,1.49455168E9,2.91075424E8,1.3915712E9,1.77294029E9
,,1759558496,976638875,1999501138,134125516,1666834155,,,396663562,610308012,,1238235291,,1173299114,,341710088,321118075,1.33557837E9,,,4.5373388E7,,2.586982E7,,,,,,2.01324454E9,1.64445478E9,1.09266739E9,2.28951328E8
589664278,,544937150,844410090,31190335,430408507,1199776311,,707485020,1744960820,359629485,,547269543,,1505749700,,701879396,953376504,8.4083757E8,,,6.3160602E8,7.9528205E8,8.040983E8,,,,,,1.59694784E9,1.30759821E9,1.92492531E9,8.4049792E8
938545646,,194775205,473122924,1215128273,1051566591,564936114,,1362685464,443388459,1625068254,,1156784331,,1649803618,,2074357228,1258267629,1.37107674E9,,,2.14658701E9,1.60376909E9,7.0401408E8,,,,,,2.60655136E8,7.3624986E8,1.11962464E8,1.36857382E9
699583652,,1178010937,1413079561,2063735843,2128289968,743206498,,1292729253,1265930628,,,688912868,,1382656971,,721600360,1355184651,1.61747251E9,,,9.7497978E8,7.2756493E8,1.55575744E9,,,,,,24,2.05438554E9,1.47189235E9,2.85327296E8
1982372169,,478727372,1333933069,1242988052,2128673773,1247385120,,718931306,214928700,548840335,,1854699216,,1316303844,,502822277,2137945472,2.66818496E8,,,3.33934816E8,1.96703475E9,1.7489024E9,,,,,,,1.04111066E9,7.4758387E8,7.9760672E8
612517488,,110784999,1202336534,572833292,1359393766,1181309428,,627068166,1199136471,48045512,,892477812,,1405273023,,1514237413,1854422491,1.27041651E9,,,8.6198298E8,3.23377504E8,8.6414707E8,,,,,,1.73680141E9,1.21656064E9,1.40462963E9,
1597662117,,1873908585,792855877,2106222418,1172096345,131505373,,,161315606,1122560937,,1865852903,,1711899949,,799466581,2033257567,9.1830835E8,,,1.7661568E9,1.89101248E9,1.95679718E9,,,,,,1.9848503E9,1.7026889E9,9.4326528E8,2.20199072E8
277748402,,,1894539745,1717572902,610795078,293992813,,576.0,680250994,1987729802,,580546046,,57243025,,1385439432,1169562722,7.5079443E8,,,2.14476608E9,1.39474867E9,1.81575245E9,,,,,,6.0120122E8,1.54794624E8,163,6.2787315E8
1834895408,,336646942,2064086550,955940693,1124460408,76726.0,,1540344798,1939505534,689966344,,1606964249,,1221776627,,1987638950,403719017,1.33932595E9,,,2.50684512E8,7.2264243E8,409,,,,,,2.00248845E9,1.25368832E9,3.41289088E8,1.11150029E9
81596.0,,,118558171,457880179,52224502,1254697670,,38367772,5301.0,1411533065,,1467734968,,1317906254,,1000730533,2019103201,1.55887795E9,,,1.22402432E9,571259.94,,,,,,,1.99788877E9,2.13252723E9,3.81396768E8,4.38979456E8
879051309,,2060308578,180102158,417789486,152879641,,,1715616359,,167624151,,808724686,,442222611,,1344965618,2061535750,1.07164768E9,,,1.88939277E9,,1.39340096E9,,,,,,1.59472563E9,2.08721178E9,8.720112E7,3.02591936E8
745167517,,314758311,,530561603,991752704,1488882227,,1901758753,2068861494,964203520,,389121135,,131434126,,969128874,835579802,1.7904233E9,,,7.9606784E8,1.39190605E9,1.43077808E8,,,,,,1.42387456E9,1.4156576E9,7.7715981E8,2.6100224E8
81596.0,,168765302,1996757231,576.0,1870858644,453513938,,281869873,1716379138,2057221042,,1134168806,,1186560170,,672856127,254582625,,,,,1.37766042E9,8.8642808E7,,,,,,1.11487718E9,1.70188493E9,6.9102278E8,4.6827008E8
47064143,,1080108322,329689383,963060951,1743440436,41422230,,488534476,663764288,1498849604,,11.0,,1909392155,,1183787478,771841212,1.34063219E9,,,1.2373545E9,1.51491392E9,2.03061555E9,,,,,,1.22413978E9,9.4868397E8,5.655568E8,8.2912378E8
1564916444,,2042447214,786692783,758742783,14401299,1022190978,,1625420161,1240682280,321936111,,1143975123,,2020409618,,1968361222,1520978017,5.5153472E8,,,1.50789024E8,9.673703E8,1.61325862E9,,,,,,9.9536416E8,7.7111686E8,1.08594445E9,5.04086688E8
914454228,,418496324,1035657321,559409311,173420154,1091303012,,1520865751,276482326,37607535,,1869376707,,1047538768,,1805447081,27889800,6.7029312E8,,,1.92393293E9,8.2591144E7,6.4662573E8~,,,,,8.3144755E8,1.70315213E9,5.5175187E8,1.32108208E8
403684125,,953376466,1675018838,1635578157,1830709896,1430128117,,755317925,445356998,1570334187,,1011108499,,414329645,,721126732,1574444925,2.21685024E8,,,1.01701293E9,7.1939296E8,2.2530698E7,,,,,,1.04979616E9,1.66405606E9,9.6484762E8,1.70088755E9
589919837,,1444300552,1332487794,1869912626,1512912411,1994578044,,1919825304,131895408,1791301169,,1616358239,,613080300,,,1892609499,3.47763136E8,,,4.34928512E8,1.63698918E9,1.53994189E9,,,,,,7.0400051E8,1.08814042E9,8.6787597E8,9.8444848E7
896509446,,,883416895,474447266,322909997,1982170978,,1885549995,974435449,1766334094,,2002188885,,515670678,,632299617,1717483759,1.65116838E9,,,1.85632806E9,9.874132E7,2.00577075E9,,,,,,4.22231392E8,1.78225562E9,1.83191821E9,1.37811994E9
1828058294,,,946359412,1715081455,1038664436,1568358555,,553140608,1537147751,479728478,,1994536267,,311001739,,685319723,338195179,2.320632E8,,,8.8699738E8,1.05377338E9,2.17876864E8,,,,,,1.47389862E9,2.24496032E8,1.24016627E9,1.75807104E9
286866295,,1403615485,103395957,,1064017623,620968140,,2126493513,1833727438,2119185590,,851676370,,340350451,,1558737217,1984005080,1.26075936E8,,,8.064409E8,1.20316984E8,2.02769715E9,,,,,,3.297548E7,1.67419622E9,1.64463181E9,3.656168E8
732222737,,84703432,,1739775508,152648837,1700793692,,1961435409,1659434064,4.0,,132340258,,559338170,,1761391185,1406837040,1.01281677E9,,,9.5223149E8,1.15916646E9,6.7737549E8,,,,,,1.36566221E9,1.27050547E9,5.11883808E8,4.354864E7
458893509,,813917756,,,917900455,1686674523,,1278990881,1870398545,1759875955,,1959948856,,,,721821083,700441327,1.65668736E8,,,3.65322336E8,,9.062368E8,,,,,,6.4098352E7,1.4267152E8,1.79689062E9,4.0861216E8
585000270,,,1473864902,96581540,391836078,576576440,,1145541382,795553213,1627218190,,1451522048,,1806031781,,869514298,944022777,5.2817468E7,,,,1.07912179E9,9.6598221E8,,,,,,1.23984888E8,3.66310624E8,,2.5594986E7
820504166,,1761340055,127116898,915307833,387137299,303222149,,,308421272,1284005252,,1742276129,,1850643605,,984895807,32740042,1.5492672E9,,,4.58022848E8,1.79899315E9,2.30416832E8,,,,,,1.22048102E9,3.3944992E7,3.30910272E8,7.3188602E8
332564441,,461429548,1384006386,801735720,438067002,1131484531,,530639579,1607876676,1308899768,,772559420,,1064140437,,1172684383,2134645289,1.00776928E9,,,6.0961171E8,1.53048461E9,7.2003904E8,,,,,,2.07076147E9,7.6250266E8,2.31172832E8,1.94433779E9
1131140231,,2016976638,677811317,2115391510,1214188226,1547584731,,2021813058,1647757856,1381984993,,1313517752,,716165529,,1704545776,1127432698,1.43394445E9,,,1.07349875E9,1.77058906E9,2.0588768E9,,,,,,9.3156691E8,7.5519776E7,1.58892096E9,1.38039616E8
1070861743,,1191998754,1811749572,576.0,390045235,778668846,,1037107893,5301.0,132690628,,502744408,,548532564,,1827582094,295763078,2.52454208E8,,,5479115.5,7.7798701E8,4.13513088E8,,,,,,1.62182656E9,1.39418714E9,8.8608442E8,7.2538554E8
925161541,,,242093660,796628686,280391849,,,242161516,1283204020,,,1141139367,,355458197,,1488623299,1802699858,3.20905088E8,,,,1.82678374E9,1.67421414E9,,,,,,8.7590592E8,2.10466342E9,3.2438484E7,4.05551936E8
2003124412,,76726.0,1704162294,,304786540,674153001,,2076185425,1419315072,1109680166,,1989820426,,1051115344,,1890291863,761080750,9.6224304E7,,,9.9084211E8,1.37307149E9,7.0103603E8,,,,,,8.1849779E8,,2.02772122E9,3.20811648E8
721373279,,,1733817153,973596200,454196294,1240166121,,1445370098,1249885055,1291239987,,172671403,,284145608,,1914873370,1436637242,1.54261811E9,,,2.30970688E8,,1.0764375E9,,,,,,7.1417312E8,2.69630688E8,1.76207654E9,2.19768576E8
1931454573,,669102468,1589272272,1349493107,1645774654,1764215620,,1938815581,1561990377,1303035697,,1610442742,,935710037,,2007917004,941185058,1.0426272E9,,,1.05863866E9,8121431.0,8.8641165E8,,,,,,1.6401961E9,2.0970016E9,1.25807974E9,7.951111E8