73869625,601803315,1367739169,1054341097,null,577235558,null,null,1863649628,367097361,null,1.22826522E9,,null,null,null,null,null,null,null,null,null,null
1716161160,2089441758,542789850,1539509543,,,,,663067929,380056011,,1.15520704E9
632506663,216812048,791805993,731693030,,1651401100,,,1270186651,285632966,,1.56273178E9
1875766542,1566477751,205011021,155416477,,964110452,,,1287286960,24.0,,8.7148915E8
1996065071,1401938804,1956074410,870715059,,46104.0,,,952635316,6101000,,
1173987953,1993648802,2111336638,1332537603,,1786720910,,,1664524220,,,1.56310669E9
1395243780,341050456,38271.0,95942007,,378156749,,,1522408543,238361998,,2.07900672E9
1451676926,466814732,673064596,,,1660582094,,,2139454213,1457711131,,1.4150071E9
116888883,827765904,1352917613,1092353648,,806878031,,,342794508,341755014,,1.89607437E9
440538056,1906331908,2063679330,130394693,,1847748937,,,868749639,822772787,,1.73936653E9
1925480070,715533339,1448253613,553893514,,807329264,,,321231679,494383731,,2.36468864E8
1540649168,131432875,781971833,60433616,null,1180700579,null,null,656317294,1460660904,null,1.80046579E9,null,null,null,null,null,null,null,null,null,null,
1887010600,1323720594,,1993309298,null,1493269310,null,null,508730447,1229769321,null,1.05088104E8,null,null,null,null,null,null,null,null,null,null,null
1304707848,887696940,636393504,763413564,,791459520,,,1827662717,877456274,,4.49722752E8
2081875485,2041175311,549313073,182971715,,1922836289,,,1881058587,2103716619,,1.40539584E9
1107980400,148594472,380311315,1707274480,,718368724,,,1091962593,1371798991,,1.23691866E9
656919986,1659431182,360369986,1255360963,,2065649895,,,1109174401,95383793,,1.49998374E9
50904.0,1580799451,1582720848,1096643326,,573017947,,,1323158820,257863191,,2.10687744E8
1207014002,1216971951,1770299832,1065905295,,881837471,,,314806904,1654182688,,1.94061389E9
1593777542,2107308178,578738434,2033811574,,1363660906,,,1034654042,467543044,,1.63559232E9
2067012306,502127020,1557683326,1140121354,,483243581,,,1869719488,832946237,,7.8313472E8
106951035,139859480,1365622688,1489285912,,603099999,,,268327222,1920007857,,1.45494432E8
740585739,861400738,1510148975,650376444,,1372340609,,,1575866910,1030458417,,1.03526189E9
1686923438,30227041,157126708,1027848996,,173148848,,,1326239050,1093190205,,1.52649766E9
1896235865,287346635,1820714317,1057830180,,1590376424,,,1.0,855566618,,1.65781888E9
,1899226904,1665537262,1540368634,,591946866,,,,732789136,,1.87603597E9
1517665950,1708557635,1551153554,395099496,,1188307045,,,731494504,496929088,,9.013344E8
633657660,15193.0,396846925,856581771,null,1632735617,null,null,983209384,464325774,null,1.05790216E8,,null,null,null,null,null,null,null,null,null,null
2104615722,,2037625818,1880017032,null,1818393595,null,null,1706636798,205184468,null,1.04387149E9,null,null,,null,null,null,null,,null,null,null
3249532,1376240694,249542400,1062177980,,833998915,,,1573978746,2030073298,,1.12927912E8
1091454586,2031780661,2119199217,449856060,,359367846,,,1818210427,2052539573,,2.05659878E9
685157589,1464249390,311720667,1782048662,,1381587556,,,1677313141,827242643,,7.1946746E8
1687293014,1938668401,1064495657,101157262,,1813032287,,,488687997,1556486859,,1.14771878E9
1931927449,1084819932,943953990,641723694,null,2140002881,null,null,403258608,809594144,null,3.4728304E8,null,null,null,null,null,null,null,null,null,null,null
814780660,1393966771,1542269348,2136813284,,1233913519,,,1540650116,2089380057,,9
1505031652,1988859989,521483822,1308336494,,75124239,,,865486599,681312748,,6.183182E7
977883470,952673320,84374156,179275550,,1690815669,,,1963617643,184136092,,9.7890272E7
155827388,1885382077,969659397,170919851,,383526268,,,511849054,1056026204,,1.97403792E8
1384904287,653870952,1828272107,794571254,,1178267115,,,1667577433,1294040531,,4.85083712E8
904000900,1805107363,916593385,2058845980,,986274995,,,206838474,1250298418,,5.1283984E8
1019011855,1573683870,370107381,488843792,,1024127899,,,1269379061,1875706755,,2.8281498E7
2073122456,1421297099,157454467,1934214698,,430083257,,,1537381003,1411123500,,7.3444486E8
1522395807,146380351,1239285293,1553155868,,310687206,,,1659022656,1026909149,,5.0402888E7
954931837,316626082,,1632762923,,1927388541,,,605876491,63775517,,1.82564326E9
,1227761059,942881918,362792666,,203045868,,,582873445,1598539017,,1.0265504E9
414384917,15193.0,819068320,591946518,,1326496874,,,335349936,303965181,,1.56084851E9
290605098,1661865257,773693969,1287924587,,1568163093,,,1501303123,1074495185,,2.08076966E9
263070165,1508527630,1463105808,466161360,,196638940,,,946292599,1363061879,,1.79387955E9
976781979,1132840597,405476820,1992011428,,204783137,,,1805800419,1610921158,,8.3154112E8
181856602,887867806,1255414358,548484603,,550630872,,,1323737962,1586587070,,4.21580608E8
1010790086,1578811124,150010697,538209904,,1160257086,,,1049671212,625773180,,7.5488512E8
967801774,944010269,950694914,414040410,,143352415,,,,2082843126,,2.13614797E9
375791486,1567428795,1648271084,713202749,,1514950266,,,899076921,2011251890,,3.99736544E8
130107974,1932898433,1622431237,150283586,,797498434,,,92528685,1010799052,,5.3575952E8
1927101028,14257246,799432154,326806741,,1075086203,,,2105644977,503262447,,2.00750618E9
717071501,983110584,1908997590,2005231694,,,,,1368405308,1181699318,,1.62288064E9
1611471181,15193.0,1863058665,1288290758,,397523221,,,1235768846,583268232,,1.86635584E9
1276957259,1766656590,1064925081,2013828316,,,,,2145050998,809727643,,1.01251526E9
1430725150,1778478693,748155500,379525247,,2046507908,,,75185744,991720169,,9.2624147E8
1002134499,160323540,1874060893,2088687498,,452395561,,,620949126,447234941,,
605486087,1844036513,1931306668,1017199151,,589674506,,,2079440426,343176108,,7.0258451E8
1789243726,2031366641,514112762,78266380,,1416038140,,,668905935,1789480916,,9.6259782E8
1999376629,15193.0,1624714878,1612394843,,46104.0,,,265912327,1594731225,,1.10399398E9
1587778348,747711921,1979736051,268999993,,1345850350,,,1955448743,1018289388,,1.53638272E9
1772287847,1091710708,1404422038,2037446582,,1891423945,,,808477937,853825550,,3.34229408E8
1962582278,2105413429,739101611,372640057,,24123678,,,447955912,24.0,,3.18860576E8
1031404259,1778410809,1754118949,425049497,,141930497~,,785798955,2144080725,,2.03068864E9
1289925665,,51756934,129361716,,1399169402,,,1866404823,1490523644,,7.1017702E8
1480204833,1888340057,510856496,508021765,,1724706450,,,1.0,89639183,,1.80282736E8
350072258,1312526905,1232955036,209909332,,344816269,,,1847861904,488417632,,1.48251546E9
356242939,965683322,799160355,193002836,,1088253517,,,785538762,1423134619,,1.18740838E9
658912370,1873319699,996562774,1285552046,,1061723353,,,1220866215,1871302376,,1.7802903E9
850471262,293212822,1016877985,713339058,,1272197394,,,914056691,1204050488,,1.16525466E9
416142973,1928856674,1744895281,,,1203508427,,,215080784,192268158,,9.6721171E8
1070412528,674951748,1930608772,1215841153,,318778100,,,959854500~1758625905,,2.06070157E9
25006283,1319119614,1425074461,709223112,,1901073386,,,1810393498,1547341042,,1.28622784E9
1014753974,69813303,1029184695,1631602949,,1233625051,,,522860416,1913224746,,1.54377498E9
1780240070,677629947,267466115,,,1591440868,,,48460624,494153466,,7.8501594E8
706952712,1102516167,657468896,1654141269,,1509346515,,,1916202557,1564750178,,8.0472307E8
375249681,830789020,2045916695,1923921214,,1716452072,,,1400064265,990409762,,9
1201206026,1543846245,1498999014,709418567,,1597698611,,,1531586306,212120760,,1.08311424E9
1275838872,1631001684,772557122,692578795,,722774850,,,1726738488,1839209955,,4.92475584E8
,,1630726214,1065157458,,,,,627794659,,,4.97001952E8
1095006354,1739451217,854408244,479672545,,1942591888,,,1276812700,1925164207,,1.96501005E9
1193028802,1842436313,1698102567,720652976,,1842267632,~,1922002276,1284635565,,1.99138976E8
651005868,688886088,877736779,754562514,,299936158,,,530385399,1794192795,,6.2571904E8
1482478018,1566164201,1251518144,516776940,,1894580375,,,1005757028,1006047231,,
2068519421,1481699053,1615331728,494023579,,744029459,,,166275005,1767969344,,9.1393325E8
1227345799,882598324,9796499,29718268,,985850859,,,1865439675,926456827,,1.76843136E9
1442979694,288105050,765717746,38443178,,1055126101,,,1140827345,181955242,,2.5931288E8
288447752,21472430,2103920304,1880168794,,1803163502,,,1608725754,2103230194,,1.83455603E9
702540770,2071426212,1752570716,1620148388,,1816902465,,,1879051666,1589096333,,2.2427422E7
638917572,1393984382,1984232962,1432388740,,1401776684,,,1448627732,498273186,,9
1210654476,1957167217,1098145466,767472397,,470568593,,,1596501953,1770561429,,4.2681264E8
2052441506,1415686721,177596386,1636240212,null,731115470,null,null,123644209,637187908,null,5.5516588E7,null,null,null,,null,null,null,null,null,null,null
1293538581,1623211715,710285095,457543015,null,2014812401,null,null,1180135803,,null,6.2722035E8,null,null,null,null,null,null,null,null,null,null,null
1822409571,1289573584,1174961263,1243459286,,1302816829,,,943712847,343389999,,7.7128838E8
790726129,771695479,431316445,789638254,,1832972037,,,748731900,1261716221,,1.4201448E8
1548173984,1395933809,1932242569,1261311610,,1913537409,,,1702012929,1701191568,,2.0401872E8
1795987944,1800749069,688221287,670581213,,879750441,,,305234398,315935728,,
2064476376,1458648793,1630044304,1152163502,,1257127781,,,366692816,235367408,,5.1203724E7
755743849,221278934,146652504,1221152024,,1861055374,,,1062119072,24.0,,1.3791728E8
316490994,2004676412,131898733,664030297,,230783668,,,1868756077,193274671,,1.52443738E9
1391327108,314927104,1300848466,449150826,,731727946,,,1248831932,1186860670,,1.67848448E9
375722865,542478906,775148152,2118937276,,2143661839,,,592751446,2005759786,,1.80751309E9
595003872,404494889,147144893,571884304,,1914267843,,,,770958102,,5.5314042E8
943259146,411125435,1628697782,1507430844,,891160383,,,1522238378,1031740948,,6.3780813E8
620096167,15193.0,1249659461,350344696,,1199909285,,,1926474071,1031590013,,4.64972256E8
1732742393,404004435,2056904265,1196676777,,1779832981,,,256279197,1791472390,,1.39443213E9
121611037,377907020,725545185,1474594513,,221527431,,,728693837,611685210,,1.23477517E9
1357740104,2127158234,1412157871,1322388552,,1611161916,,,1857648381,,,3.56153024E8
599070890,478751580,1490006859,67637306,,1570559944,,,804797776,1317611163,,1.62285274E9
1398327026,1815946702,1816248885,43566563,,1864027481,,,200498676,270845366,,6.0018982E8
567351635,1112854380,429260157,215260882,,276650855,,,1935319662,2054902042,,4.776736E8
50904.0,1262507382,1951506783,188106656,,273145427,,,219238426,264929330,,2.06421168E8
1450624963,2039538340,274466117,1394339137,,1546167942,,,2078350190,1391363410,,8.4695398E8
1498114233,1838096239,1021430833,584117253,,1019561433,,,1514707603,1216945004,,1.1031305E9
1018451433,2144284534,1217549392,1684995236,,1063707552,,,999902935,1998810417,,1.94316826E9
1308949189,1457815011,135965830,1585345095,,2048545475,,,830202582,877720877,,1.50732173E9
56663830,878950383,1670275190,1146830488,,46104.0,,,1845790900,1307351078,,2.82539264E8
,266664159,359564673,836697933,,1275438492,,,1899169692,255148402,,1.19785267E9
1479594848,543559051,1269294743,1772609347,,1704998130,,,640223692,1038426862,,
1047622278,,657579064,64908777,,1675577734,,,958356939,1458620713,,9.458473E8
50904.0,681249609,1456132476,408724801,,514469874,,,145764155,31287950,,1.5157584E8
478820509,816110814,354896838,259805379,,1804471310,,,277801931,50610526,,1.86855014E9
855332651,268774082,537531991,917009140,,563709562,,,947407426,198158637,,2.05363226E9
318462578,322935480,1248097748,2100503301,,46104.0,,,948651439,363583396,,6.7423872E8
1846186485,2146865904,1211524250,153182873,,877490028,,,14543915,1809770948,,1.12657344E9
1482960680,385033723,662414710,265468100,,1448147388,,,705648141,303061633,,6.1699661E8
860361583,,273609792,1909425413,,998590503,,,585345020,294135610,,9.4861632E8
1587435376,1359877142,429455132,587650378,,1537049596,,,509871082,744553281,,1.12814246E9
106840301,1423482929,1596271494,281514965,,1504489950,,,315125199,556101183,,4.2736304E8
626555431,335625299,862966079,877117560,,875978957,,,804051925,724303428,,1.58846067E9
1632771462,1496471141,2041820425,466330792,,1045453684,,,1034916351,808968758,,1.5053984E9
959199167,,718612988,,,321211541,,,826386938,1074575101,,6.9739936E8
1976776409~380494575,551230995,1345899094,,1377432581,,,249898788,1542191362,,2.14014413E9
1585440921,1994660702,,330837356,,2140117054,,,1527259463,487001748,,1.8245865E9
1912093294,1021098289,427136324,1968842957,null,1599854368,null,null,1339813853,317140753,null,7.8267834E8,null,null,null,null,null,null,null,null,null,null,null
872453440,731428611,877492610,427283384,null,395045484,null,null,1312140565,1910264824,null,6.8172365E8,null,null,null,null,null,null,,,null,null,null
,655004034,1065372769,542618238,,832991010,,,85377905,,,1.89182451E9
904081164,130125868,1421532226,1051133050,,1097764796,,,1680107370,1051983434,,1.35786944E9
879540150,1193184032,1407123943,976457643,,1237613050,,,1182480432,2089197578,,2.7235634E7
924204358,,170698764,211443910,,1264382315,,,1663210247,24.0,,2.08244896E8
813961644,1159813393,495242541,1870485488,,2122840860,,,835577334,,,1.69962931E9
947610538,1420862043,38271.0,1893188061,,1524515313,,,1623596732,305826425,,1.4178519E9
,2036348915,169511246,1616832564,,789699279,,,1929563348,451153888,,6.5283866E8
1617060108,1486236424,2132580832,596031085,,540704616,,,552011105,1542177572,,1.94623526E9
50904.0,1560141033,383538304,1533261767,,1405582975,,,1.0,823652810,,1.37967168E9
1981621954,1249844989,109651610,18041375,,1813470101,,,435745584,679832915,,1.0713753E9
683595050,1609692857,1704539005,568690666,,479515801,,,1066641903,2079525276,,1.91619725E9
175782593,1512751677,1145824460,1265737745,,1196633398,,,651680442,1725801179,,1.19861184E8
1955503695,641968237,660002705,495495700,,575418075,,,660560024,1778949176,,8.8048646E8
,1913780570,1355188016,131689570,,1976953988,,,786822442,1827601252,,1.15048333E9
1134255534,15193.0,153846558,1491243340,,1435749580,,,,1604357984,,1.70934131E9
,1195548111,426380789,570222012,,1564187528,,,1060915079,,,1.5283305E9
703906226,1140248881,1214934779,712784692,,294876175,,,485214930,961923799,,2.61597264E8
682430753,84967906,1051528040,1747198442,,,,,1623220976,153178690,,1.50823565E9
1565156286,1539477648,1769424601,1660504690,,880598461,,,630282571,963144689,,2.72195744E8
1110219830,1033407890,302484489,870015168,,1340052944~,,1975046753,24.0,,1.61176218E9
1900079156,1958034653,2141227828,421469722,,1211776858,,,1764384981,1195414069,,7.2634694E8
1868415750,881692625,38271.0,1479614601,,1910769315,,,2123393567,1827590081,,7.5605414E8
1211519346,800097885,1827743658,442082.0,,1951898484,,,773051628,1466884837,,1.46882547E9
504991140,561708094,345293116,2133192455,,95763,,,2102953024,907970718,,2.03169254E9
277383181,380937295,1366285055,1882285717,,1517490369,,,1912972219,628298737,,
194145559,610975743,2056731651,818266708,,1193932893,,,1268091719,647745454,,1.64423245E9
341216006,244355019,1970295565,1715095292,,188413451,,,202100712,1681965200,,3.31774304E8
1768008244,24609075,883319789,1355805112,,748621176,,,875553353,1718992506,,1.16522534E9
744471484,62994415,409879872,1263731662,,1530605840,,,218948722,808778394,,6.3698925E8
931187452,177151394,1246328596,830019432,,891081030,,,1344905670,43700464,,1.6502697E9
629446480,1478923429,1956223422,728739006,,1969271450,,,,2054974809,,1.26096205E9
1201258778,73109293,796504050,,,1714709336,,,1740736249,1308709148,,2.12355379E9
50904.0,343881195,340926604,198032545,,1834372111,,,410005051,1617795699,,1.33338432E9
729148469,1740103158,769849904,280147481,,875620976,,,1344247023,2069440032,,7.2885722E8
52893479,243987516,1317591405,787328320,,584414669,,,1707236895,2054930917,,1.28741304E8
1766258543,1995050516,419440851,183607384,,2067286413,,,1872508982,1663325649,,1.842912E9
870544732,875143718,38271.0,888214994,,379494225,,,1627212957,381805585,,1.73756032E9
1180715016,399001936,38271.0,1741040279,,1020942520,,,1684499517,1385766540,,9.4766184E7
463938189,1201204681,1995081484,1502360558,,480172299,,,2119797233,1781380108,,1.37778957E9
572381229,991305808,2054429124,1980940093,,1179365792,,,330476937,1445344675,,9.1964819E8
416932143,1135437239,880586915,1220671224,,17817848,,,413058092,733005363,,7.5341562E8
1259082954,1065663651,146320294,1901296357,,,,,1805876346,398112555,,2.50152992E8
376896434,34395920,2066889978,1166827816,,209397813,,,1193019863,1000302602,,1.91539488E8
927600514,1115974988,1960957095,1532304051,,1417215859,,,,923810906,,1.95199027E9
95431222,728845447,1367472285,196013462,,1366555433,,,48473196,961338584,,2.40530608E8
1789826647,296601054,1965375784,641014399,,1539020682,,,687398713,1872067385,,2.79248736E8
992063229,992598718,1815683375,2117643294,,1175786445,,,2109408717,945415991,,2.01407309E9
2043450490,675321125,38271.0,1575312765,,2069863957,,,747313749,1844040058,,2.4443416E8
1242370164,712913075,405602644,2046534547,,705494466,,,1958954108,633726744,,3.91545952E8
1937565060,1383480462,900641648,1128105746,,33428864,,,1701928826,1622907497,,1.84306138E9
,1780595804,740678418,122746164,,1290573483,,,1971846790,138526653,,5.8710054E8
1943102433,482658543,819530870,105481283,,2115196997,,,495112908,789039083,,1.23573146E9
1932524567,490337843,2016827052,1750184951,,46104.0,,,1381171793,24.0,,1.78416218E9
2080081762,153890389,1815951522,450094906,,1783568612,,,1845013272,1442705154,,5.8428378E8
,407559787,1498992563,1138071803,,,,,2109750890,1269614314,,1.23765914E9
1138807119,1984069188,2075173046,1293551209,,46104.0,,,1713015443,1542194434,,2.11458253E9
,15193.0,1474116511,,null,48506867,null,null,1993007677,588182999,null,1.74201638E9,null,null,null,null,null,null,null,null,null,null,null
249338474,168078619,2041806924,1304977363,,1298405409,,,1735923483,1242169632,,8.4599181E8
342750675,1772360169,1301378577,1419865951,,621979048,,,,776923198,,1.67696102E9
1257867794,581641454,632095501,,,658072703,,,746152360,701816654,,1.54194061E9
2114790961,,1268880987,628866086,,596620281,,,1229971540,1366652955,,1.69751155E9
228252781,,141933684,1525148493,,14949145,,,801044756,2045049027,,
189524059,1228378671,701797854,,,2080322649,,,1851788475,2134182328,,2.0675008E9
681120495,1583641581,268479773,956242039,,4837198,,,627291879,1245221917,,4.39024992E8
2028625373,168374716,1557042000,444083540,,160519759,,,63535036,1627142392,,2.79847584E8
155515177,1379313336,620992880,137160923,,1208429730,,,173257445,298369956,,2.13616384E9
358136033,1853198165,41755112,1489232365,,1123322724,,,437382171,1309827706,,7.3041824E8
1983101654,19925125,,1643641039,,737753596,,,1207815345,922676383,,6.4924496E7
1920906395,1837066640,1206262529,1916093453,,1253147979,,,995778991,1432275894,,4.06469728E8
1012190581,1123404338,1599078231,1405658591,,975392365,,,1413085138,2146390720,,7.4843878E8
106699946,1856363232,943769118,1759006036,,1470802544,,,434906734,2077281880,,3.95870944E8
726508364,1414281719,761171479,1868136913,,,,,1315674006,489900703,,4.0903148E7
1017306470,765577609,1284908894,1166626548,,,,,,,,5.6808864E8
408536907,411250506,1533401366,924141012,,2029714545,,,1020425781,1322030778,,4.06557376E8
515652144,127576012,61441807,753175261,,372419593,,,1628402506,,,4.3726928E8
395574170,1379774287~2093556837,1508318860,,1188191377,,,775108798,154450558,,4.173408E8
385067003,2072471122,238688501,1790610358,,1424951085,,,2059241609,663786779,,4.6256208E8
1440665530,629634484,1630133529,410086210,,1356428027,,,1916771446,912806120,,3.57735776E8
,2033662263,2120405913,1026715276,,49123658,,,1286244784,2072414099,,1.46183603E9
1093739677,1136906960,1862490257,1745817211,,1189590366,,,2086103399,1076294233,,1.37748096E9
1565389376,1833185643,1226456137,724178112,,1093187286,,,583578567,311602018,,3.14055776E8
1453493397,367884487,172084246,417216360,,1379538831,,,868115126,2021966027,,2.1077527E9
1676149712,,1914622183,291327420,,1066977041,,,305849845,472771512,,5.0030992E8
189172305,55656769,630991746,2066739328,,362716581,,,904959703,1934883520,,2.44815104E8
1658591841,270936896,1443863960,94675620,,1929001872,,,235636329,302089699,,2.12804595E9
1582051986,1332992034,2034793575,1377080290,,1592102120,,,2014624152,2036418288,,1.19963341E9
2086843881,57040369,2145980331,54522077,,1018504524,,,1382147855,991357279,,1.56490534E9
227173007,334832114,132402995,1161304795,,1674118333,,,832890989,1376654505,,1.72615526E9
1873408941,1222583563,1274820379,1173944432,,824047628,,,,1087100568,,1.4091264E8
,1099349378,832138152,348208611,,1347580521,,,712511942,708160750,,1.59765312E9
1269191391,1563036717,1489803214,1274352931,,1362229739,,,1521846979,,,1.28678157E9
1431606733,559747682,1779052159,718203011,,1163636207,,,50973303,1887605226,,1.55246656E9
1947856131,578703757,151824019,2729989,,1561306894,,,645972006,1128556160,,1.31174323E9
1810823024,1825348342,1796458027,1172407852,,1845980984,,,2136709246,1575659175,,1.15645184E9
1286502440,2056643494,2075010684,628357965,,1167534597,,,1186690189,1745643638,,1.37014592E9
1173956599,648376333,1657269184,965674424,,1351762692,,,3235266,1550646371,,1.2086903E9
,1946905463,38271.0,756642049,,,,,2008958690,1029690497,,1.95311411E9
1271402121,1110316185,694611921,1516374259,,688568148,,,1442979008,920643862,,1.17659149E9
178644154,1243551333,1140581506,1731727944,,1652443759,,,2076987648,1585868828,,1.74568691E9
1449494446,1689898298,1550664513,1313056195,,1643305505,,,1861650746,,,1.37503078E9
337732949,1039879815,1265367010,218730131,,735106373,,,2024478486,2116460141,,1.07167878E9
2078322764,1907113568,2140769032,1828205768,,,,,719621190,1652706102,,1.15809677E9
200035677,864604601,2139967114,530613424,,658706660,,,507535478,315993471,,1.17085709E9
2007867245,1649564666,1516303146,1415231054,,727859852,,,1614281086,2055258379,,1.28530483E9
894883772,1629977127,60820746,16295174,,339384067,,,809931695,1243330402,,1.10420198E9
255042618,1243973487,1971025004,1230808157,,1970969873,,,1774706128,470387227,,8.615303E8
1982205645,1709136393,1876321749,1144412795,,1302704170,,,705808520,577460816,,1.83854554E9
1110319527,1189966307,2035106641,1648110578,,1848432104,,,1488151629,1830491565,,1.39206752E8
1893072223,601082989,1764228045,956594172,,10374831,,,1983322888,,,5.2591168E7
1820066161,1398739223,1840829480,1351350177,,753116078,,,1425668465,2147183074,,2.11370291E9
1731855881,,,1145003075,,1538188746,,,398322298,2119731785,,7.7587117E8
478425618,695920720,1106437230,1002044931,,214560347,,,747227118,239312854,,4.0519776E8
247539199,1875105813,239889142,385679638,,1525200047,,,572932671,94065076,,1.88817459E9
426393570,2001333839,1620478782,683871794,,20462459,,,1581816993,80517628,,1.30809485E9
950019213,989942009,,235454275,,1627578148,,,1299331023,1287287482,,1.10422733E9
1606196102,1254761845,894064169,1387249836,,1045304848,,,1305215048,468828454,,1.28238861E9
1895098025,1824606206,357618119,900477440,,544387256,,,842556847,731922631,,5.4464819E8
780074416,1801089772,607552968,68685185,,1901076941,,,135544815,302365397,,2.1197897E9
68572996,1861481126,1413028918,1056195892,,1660428110,,,307921284,1903253655,,2.7569516E7
1155936631,1920962000,399541097,408768246,,,,,673525680,1458017575,~1.26768998E9
1551855089,1143788782,641852430,1499470579,,672364252,,,63413542,1518754682,,1.87542106E9
2120253950,515051916,702976595,1153832060,,1971934344,,,1744268924,1612630974~,9
1694264951,15193.0,2102487197,1697846961,,439937394,,,1048356488,2104639993,,
634624197,364911177,1795375876,804234992,,896914731,,,1985473876,1106441370,,1.70024256E9
2122851529,14786024,1463534489,1088634382,,337849296,,,2063479117,1826754226,,6.5528237E8
,865611491,1929027912,1603028597,null,1115488978,null,,1348472096,219632201,null,1.9079401E9,null,null,null,null,null,null,null,null,null,null,null
1973330414,,629189614,1844291630,,182448210,,,1488078801,605115793,,1.93847872E9
1643237307,558198678,1045183239,233260185,,1666924577,,,673220160,1396501427,,
1115548141,1064375597,2114218047,814451158,,1648835225,,,822346742,1141747708,,6.5804128E8
1735564386,585428226,225823033,2004625047,,475205641,,,806538868,24.0,,8.7216032E8
1280162183,1327458801,1915974196,205375899,,557281899,,,1798383919,1797017977,,8.4014682E8
1040666720,1235521696,1908660367,465513831,,1093954373,,,967317470,786555764,,8918003.0
1551997443,654342893,335957784,1206089936,null,363324639,null,,1661677586,713111533,null,1.63043917E9,null,null,null,null,null,null,null,null,null,null,null
50904.0,562702498,2139390482,1017997062,,1250428049,,,1236284728,1736695647,,1.10437619E9
679976786,226671258,489201702,286739563,,1239285842,,,1605961105,183134031,,4.03750976E8
1364521601,13427067,481510801,1661058924,,1466958852,,,913471747,583359146,,1.41468762E9
,15193.0,,459442336,,1630750544,,,395387247,1587345858,,1.69442483E9
422756637,777393190,1831975563,1466470780,,46104.0,,,160349411,1865674096,,2.07609728E9
195815193,960938082,852775622,1899307468,,1186368921,,,1575475233,2025126483,,9
1636091192,850917787,1392266990,586829819,,1299295626,,,,1696857677,,4.36990688E8
1993630445,1245044400,507946123,1996216432,,2115397867,,,873606488,2144643149,,3.5688412E7
431448201,1096113378,212427647,,,1539900874,,,626115696,1118195023,,1.75343693E9
1785838071,689365185,1046561597,1866371268,,2100002334,,,1261461292,,,2.06003674E9
1892883980,1133327700,41918076,1038798851,,2008969441,,,671783874,528194919,,1.65140954E9
,1924303020,1721920490,2004731777,,1843472023,,,1620979218,979777094,,1.28778458E9
1285859333,562152869,1974131455,2137281819,,417122564,,,1649326923,,,3.46790688E8
,1047749724,382237745,1054740987,,749994928,,,1903528806,2120248498,,1.54198669E9
1482868627,1458910870,1560844554,210209559,,190993557,,,191946034,1385590147,,
50904.0,1440829902,691297490,648563455,,1333159509,,,76239010,2038162785,,1.20873331E9
1047436584,453607240,1607084229,1995160835,,1242784582,,,706956219,1029689958,,1.38202266E9
607441293,80052155,770759735,1732981967,null,2028732480,null,null,1689397241,1807654408,null,2210810.8,null,null,null,null,null,null,,null,null,null,null
2001053999,985881593,1279564965,1925701945,null,463957812,null,null,,1642596924,null,1.04132774E9,null,null,null,null,null,,null,null,null,null,null
723876540,,962034570,2076623755,null,404895130,null,null,859667475,1947448609,null,8.8511219E8,null,null,null,null,null,null,null,null,null,null,null
426028974,1700927062,958088067,970218488,,1845983649,,,1932947137,24.0,,4.47286464E8
512751936,1997460354,697153445,505990614,,948387388,,,1766264420,974854059,,1.48542771E9
243816086,1253789610,1138438466,873403993,,2000097164,,,744876957,395424731,,8.4868058E8
1070362769,,1941789754,1687885066,,33508360,,,2054940651,1988461221,,
675418769,112682934,2050324509,18006336,,1741039798,,~131317667,622197956,,1.01389318E9
,616599404,,1605178275,,994092484,,,825791582,2086065009,,9.8093747E8
1879001840,440520089,653251195,1617039534,,2049145310,,,487040816,1966437436,,1.70240384E9
688504156,1479094595,487176211,1408244683,,198801017,,,1714839463,1622890912,,9.1112582E8
672049063,2042383877,1754409469,1887666937,,9178110,,,1621273869,1404122939,,7.5043622E8
496938271,15193.0,1543604061,1394272029,,810999135,,,787550279,2005759354,,
50904.0,1053200116,1991842828,121129649,,1141959597,,,1569629919,34692908,,3.15051456E8
306457490,606022618,1807344396,1779373469,,1315926266,,,981518970,1744316805,,8.983844E7
1342623055,1368941014,1559941755,1058717678,,,,,389230073,1607261511,,1.40737728E9
147175008,2057863201,809001748,176964780,,10443881,,,1219268924,1484444261,,1.14721008E8
1407750542,1037413913,1959117769,243677009,,1883523457,,,349337007,1367235184,,1.69520333E9
919953388,222087110,2083926710,330883325,,1664252221,,,1190406658,1268599644,,1.14059597E9
449310143,187208320,283830817,1377182712,,480026947,,,1248993762,1553126544,,1.42098176E9
510770474,,877702424,1698939673,,1255650753,,,794239424,,,1.48881037E9
1932769382,544315812,495521230,1960950049,,2137536431,,,1253008526,1063031002,,1.91036048E8
493033019,485172961,122174400,1004252311,,514339707,,,480264345,1247774580,,8.9969152E8
1391498067,1550192095,1020873891,134704370,,1132495286,,,354079980,675165475,,2.23548544E8
1914996253,1759361807,545812393,1999184175,,1548524186,,,1635237583,2144077731,,2.03067814E9
1111295028,1498650998,416071947,61911857,,1088236229,,,26013235,782227570,,1.50950579E9
1922243774,1234695290,592889790,115539488,,1028873700,,,1474002275,,,1.20022182E9
1913549452,1625351084,655871313,1507139516,null,616053917,null,null,1381241037,1423824285,null,8.9429562E8,null,null,null,null,,null,null,null,null,null,null
749776891,1847844564,1885330787,192095544,null,1643669980,null,null,830411682,1614544758,null,1.64458355E9,,null,null,null,null,null,null,null,null,null,null
1275770669,928839762,1290350618,589236436,,1909875235,,,1458514679,512133147,,
1214461814,941433778,1845846154,37177911,,902314731,,,1460900803,1182951674,,4.531216E8
1702162685,1392676782,1222382851,160973705,,509187936,,,26530787,2088120960,,6.8946573E8
117142532,1062337181,806217265,586578409,,653889709,,,2011307286,1155539208,,2.09046704E8
1741702381,952530975,1040928633,1010910720,,,,,1371405549,1846809151,,1.60566234E9
584343061,480588050,1528010584,754004987,,,,,1886223905,259104329,,3.92713728E8
1250628141,24083634,1042948085,1477792770,,732501730,,,1380425987,1107103581,,1.3947959E9
764866470,1469683518,1416422036,1522035380,,624130766,,,1532585068,1487712275,,
102601644,211205540,2136450456,2055032186,null,573492651,null,null,1311190168,376012788,null,1.01252422E9,null,null,null,null,null,null,null,null,null,null,null
619478638,247346157,1302078173,1513554677,null,325755116,null,null,1559385519,492865426,null,,null,null,null,null,null,,null,null,null,,null
899410910,1089274687,,1418777335,,994517113,,,1108812847,1262926692,,1.55266086E9
1936187055,764703464,1761637894,1150414519,,1087184375,,,388905709,1391520840,,5.6987034E8
928419591,60074213,1213328363,660744822,,323120844,,,866439390,1741545490,,7.8515456E8
1996183609,748167857,651020796,2095140391,,1189091420,,,1620498400,619675640,,1.81277056E8
1161200741,1409629233,59550311,2034206888,,1571177659,,,1807392397,1725594449,,1.0121972E8
986231009,1094858626,266137833,1301708175,,1301195785,,,503288574,987415310,,8.5835277E8
1860812276,1588533950,839984724,231179205,,2068450828,,,1063234825,1466319749,,2.08819264E9
2017792097,979844084,1338422158,494187329,,718743300,,,1683405296,1183649056,,1.59724659E9
1416855736,2129312406,1509715647,510178727,,40922859,,,1.0,714809248,,4.76577184E8
1872608439,252808464,1809922099,1343492355,,1749547009,,,61617129,1554290785,,1.54128358E9
426119183,2057589393,38271.0,1268175576,,923913232,,,2017092693,1349677238,,1.03337837E9
663430891,39531726,2132345776,309774808,,471374914,,,331062862,766124281,,1.43798451E9
1823006709,1911507504,1340039718,2031405427,,453721547,,,1982117643,308093553,,1.65263936E9
214300157,1237923365,1071347145,1373301720,,473232749,,,947179021,1345301658,,1.70189453E9
917394120,277337888,707956870,603622810,null,429405703,null,null,1804613234,2125142488,null,2.01936282E9,null,null,null,null,null,null,null,null,null,null,null
1620267343,1253091159,340077143,185767594,null,1524625160,null,null,1014955593,446620057,null,1.62964595E9,null,null,null,null,null,null,null,null,null,null,null
394047380,135248848,822288403,244525364,,1704137004,,,2096821376,304284625,,1.96736333E9
1587894312,1976187320,24548475,508588961,,1838509464,,,131188763,213373551,,2.0375671E9
1786436570,1280060893,2104764023,1969082684,,904200684,,,1801381869,,,5.4152051E8
,1347766523,77613191,1999787532,,1725747703,,,507232543,2122274353,,1.88303782E9
1407954415,640230924,210232604,1160556953,,510282148,,,389975269,1728011289,,6.9711002E8
112519724,2097400904,1556326538,264367811,,970106655,,,153943883,1178876263,,6.8704538E8
160822134,125586103,1407439552,1058511191,,670935991,,,,1054583938,,1.7625463E9
310599419,884385263,890873466,1695404651,,2092512553,,,1185294538,281020405,,1.15972019E9
1336188655,424426514,688194350,1462084010,,2079414101,,,1389988555,1287538484,,2.36270976E8
439527827,1569903995,499370138,1920022928,,1711562433,,,178007125,2110160485,,1.71082701E9
468021302,1016898743,1217937852,1153932180,,182669835,,,1728549831,1971339250,,4.0634144E8
293183073,1325291617,778284569,21686954,,,,,1222051053,1103134207,,1.78373312E9
1455804604,592811844,504154867,1689867403,,1190356222,,,1.0,208928831,,7.487383E8
883563810,218986131,2109349191,786226263,,1863976159,,,1314175480,1362326210,,9.2569203E8
1817868684,216844405,2115181336,114160364,,1065629655,,,2050952957,226226640,,4.53581056E8
,147796658,522872527,730863247,,1953696520,,,1739384400,1318442880,,1.87654899E9
773078208,1122803884,1874446056,729033147,,1002641000,,,682837154,684713932,,1.43357018E9
,1308463940,1412349062,301498095,,847232689,,,738884649,703110635,,3.41944256E8
1153160509,490412454,595326817,325841212,,866333643,,,1910948147,270118258,,9
497699805,399004807,513694220,1288821253,,1965883526,,,990913014,1688395608,,5.5389331E8
646589127,1744673230,1946262123,736459232,null,237509850,,null,1764819125,1970893668,null,1.94910771E9,null,null,null,null,null,null,null,null,null,,null
144230383,1723376775,,875578720,null,,null,null,898120315,1409991795,null,1.04556672E9,null,null,null,null,null,null,null,null,null,null,null
1145756818,648612822,745924055,141907876,,1012332525,,,1121015774,136732001,,3.85197952E8
89192143,1977933202,2045147730,1740474575,,1573917584,,,1326913494,920134646,,1.13085504E9
1612073573,,1343162441,360176233,,195599545,,,1738077752,1324573528,,9.9857491E8
1500396187,705776415,331984188,1931638106,,220741669,,,1721285295,46528778,,3.37935648E8
1584911025,,339553305,460867056,,1128384171,,,1201880646,1319392118,,2.07543629E9
768816235,891215022,1987103664,922795714,,168697712,,,47064352,499525742,,1.13500403E9
549270255,64485188,653873817,84680186,,885100956,,,1464430838,2052237256,,1.98419021E9
942289132,841806076,1135863767,434269266,,536113967,,,802881305,53325253,,3.21776032E8
306276485,466083056,1258178731,770370403,,15906229,,,1587552000,1807690047,,1.62209587E9
1715045248,1586591910,382278988,442082.0,,506296244,,,807701691,1128815060,,1.83975898E9
235803235,60374588,1355783278,1124362990,,226339313,,,30312251,822062367,,1.20418893E9
2022638376,1286848208,1557239135,1032941880,,532737592,,,1.0,899537342,,5.1541024E8
1412809538,572230615,1842461327,264829752,,1846381907,,,867784996,1379656704,,1.42333709E9
1495841327,1144847625,1622274522,1500289881,,181280916,,,1.0,,,4.21345024E8
777900636,1426674463,156150269,989259630,,1706525000,,,1554453725,1361342542,,1.89293158E9
1230315178,886270591,998429453,1124404829,null,558377378,null,null,1887678653,1038576141,null,1.48028045E9,null,null,null,null,null,null,null,null,null,null,null
418226699,1752296155,1897789689,689382784,,107941557,,,952461393,96265753,,2.14232461E9
756019560,1289984096,1887206764,1136638577,,105257344,,,2014591946,718702925,,7.0316902E8
997264703,1932969983,1266839428,1521698752,,1480390080,,,1142384664,1560392944,,1.71185216E9
1277019849,1983379612,2074267518,742306526,,795388202,,,1505223089,1138714870,,9.7617222E8
1570872927,445521958,2072659194,1218934257,,1941117479,,,20095559,2001519688,,1.49860528E8
1303297816,617376837,1994898690,2023179770,null,143167988,null,null,245593305,1062903687,null,2.01432666E9,null,null,null,null,null,null,null,null,null,null,null
1995505270,1231456086,38271.0,1113552751,null,238504799,null,null,1043920553,2013385299,null,2.05046746E9,null,,null,null,null,null,null,null,null,null,null
604912146,15193.0,1401397499,249123235,null,400346740,null,null,426637962,886136197,null,9.0359827E8,null,null,null,null,null,null,null,null,null,null,
1098658178,,1333196579,1343028068,null,1000802352,null,null,1896722329,1544256293,null,1.76705331E9,null,null,null,null,null,null,null,null,,null,null
604533053,1190022081,450500302,442082.0,,163106329,,,680129779,1789218601,,1.18751706E9
50904.0,1690438063,935985723,718157286,,222887160,,,1528542688,1072744217,,1.35657139E9
387805347,15193.0,1232720425,2009669231,,787475611,,,402568697,1887762521,,1.74805158E9
1138203537,838337366,587974330,1537506211,,719365200,,,1.0,87274133,,4.3906496E8
313355687,966835653,1935070445,826348816,,1375504623,,,1134360935,850519622,,2.73997408E8
914158645,,652547227,518668030,,1232671249,,,,2031222719,,3.3232544E8
1961804539,1021245588,1718894579,2042907724,,1589136294,,,1531932577,1377669358,,3.4977088E7
242739674,1707214992,818646582,1868370905,,52696036,,,1363397605,746141273,,6.2465542E8
1495489726,15193.0,2092032296,1395258072,null,,null,null,1233392806,1009270356,null,4.60130464E8,null,null,null,null,null,null,null,null,null,null,null
118618992,162451522,97176403,751866900,,963574893,,,,137926253,,1.58672512E9
1096705033,984492818,1501405231,486132923,,1069334755,,,780923193,918713446,,1.07379149E9
364273686,1529078774,2077940901,706854023,,1753074788,,,152950848,1714436312,,1.82476506E9
1835953995,1213162097,1454695033,358173920,,1749503795,,,512786145,477724445,,6.3819176E7
50904.0,621912219,1683759221,573263480,,1204482816,,,301002520,359560654,,1.41199053E9
1187460195,856925950,,1301543157,,862839553,,,895481031,1756376723,,1.20291072E9
431439359,726819475,1759585110,130928868,,1777705517,,,261782306,1098579121,,8.6538707E8
1781520748,931666514,1492737617,1865074450,,46104.0,,,,456834514,,
1099965918,1753232724,2020071136,1576759727,,583442387,,,1231796546,6499524,,1.83173683E9
1833698881,,1437788768,1280665344,,1052642380,,,305141810,1684506288,,8.4691795E8
1686191293,1923739755,817658710,792047087,,382677801,,,,1181938319,,4.98473152E8
920520000,1891300775,1435209135,1323242933,,1795010583,,,327728282,1540336900,,1.05939232E9
1724051941,961015,56883081,1160782122,,1341184162,,,1403989346,1668438641,,1.98066406E9
1286193446,689935052,500197854,1843158690,,109729613,,,890730710,2109952406,,1.16584032E8
2103942595,1678269545,38271.0,260611872,,1633883045,,,1722335797,1546606290,,8.6809555E8
461975067,1786542047,585493881,1100384082,,46104.0,,,880587482,10532734,,3.30257504E8
1819323295,1731241867,1419553612,759710416,,716560758,,,868321101,350561913,,4.6593568E8
502466907,2008607217,2084839054,185359233,,1108691970,,,299571442,964743743,,1.58796058E9
820872844,1949818579,1511082805,1002102408,,1800757862,,,399333045,145886557,,2.02163418E9
1847476200,638957025,2054945566,1618898337,,1061065683,,,1.0,1067519220,,1.56295744E9
473649926,547169493,1849362280,321664984,,,,,2107339755,1970122773,,1.71184294E9
,499283000,2100723170,990514818,,1829452877,,,2098701654,672976163,,1.97421168E8
1318780243,1437948226,630051099,47478348,,378778145,,,1837441070,902803936,,1.11132083E9
292269815,1230112560,220408862,1381429661,null,1540248941,null,null,,1774360358,null,2.02965696E9,null,null,null,null,,null,null,null,null,null,null
1379974906,860147763,573808445,660755722,null,1729746747,null,null,1325098193,1811045077,null,2.91321024E8,null,null,,null,null,null,null,null,null,null,null
108948349,1097905814,200406347,1621749321,,1843755422,,,599809039,1662837629,,1.20728806E9
175705901,1986079893,179801260,866305440,,1981783450,,,994878574,,,1.5916023E9
1998155286,1317915107,275876063,252850176,,962875268,,,311121194,1774102595,,1.36909965E9
1217403564,147553872,98860439,1859645505,,1040611804,,,773143417,1288013256,,7.5280704E8
1562629490,595834748,249798240,1607616454,,563425922,,,1794814994,1718750447,,1.0825879E9
1512308418,699376387,519799332,1471020169,null,517648461,null,null,1.0,930280887,null,1.97681434E9,null,null,null,null,null,null,null,null,null,null,null
2100878748,1537573907,1967689781,1587558972,null,1933491833,null,null,424416561,,null,2.81139296E8,null,null,null,null,null,null,null,null,null,null,null
1323397813,15193.0,1397439033,551752585,,49200253,,,2123603146,596552992,,1.25176794E9
538044956,2002179901,1905394154,871073777,,1048606154,,,627209214,2103072757,,
89305833,2128839729,,1918636294,null,1833915648,null,null,908490717,,null,1.76022128E8,null,null,null,null,null,null,null,null,null,null,null
949937010,365353253,1608569325,1557417041,null,723987109,null,null,1547480371,2112416345,null,1.58235341E9,null,null,null,null,null,null,null,null,null,null,null
1618857326,15193.0,948883245,523604796,,261101092,,,1882115276,1271642010,,1.07754163E9
727938397,,608307708,914620111,,1357043259,,,1759409750,1420262085,,2.06118861E9
1073998999,15193.0,1729182475,1603273930,,1076245593,,,1708381700,1326821246,,5.3714976E8
619183552,1996051001,106004159,1759766588,,2048666632,,,550823704,1820763971,,1.35992627E9
1085485736,833652679,1297470392,761438625,,1307172968,,,1123389164,522855641,,2.10039462E9
1794801617,1006003451,637752645,1772341026,,406661370,,,117384411,85163603,,6.361552E8
915126995~1954734143,1098632040,2056558164,,1624096212,,,793122207,,,2.05756173E9
1469953050,1686010137,1176711453,529897667,,667922390,,,248406557,587891766,,8.0998515E8
1786456087,89218507,1880525548,997436939,,1296568996,,,1836980853,45023260,,5.830393E8
2084051063,438324160,454214072,1160064958,,532350081,,,1595988361,768597726,,2.35096672E8
78993665,1691578498,949896543,,,628509976,,,1704387844,379075954,,1.6951305E9
328493817,162702293,,1927842741,,2036666425,,,1563309498,42777297,,3.46711488E8
1140233328,144541559,1590637747,1191761507,,1235713497,,,1977948522,922579083,,1.43864E9
1680354958,637654440,1737091455,1599113359,,1689164459,,,2004180201,24.0,,1.02687533E9
407948002,812610688,573425523,1697969576,,1500573241,,,1699708975,764109914,,9.3573722E8
2085056221,778888157,136681147,,null,1860574297,null,null,1335718737,103052203,null,6.475719E8,null,null,null,null,null,null,null,null,null,null,null
1701310660,306884148,216153371,38546639,,16784919,,,51744249,1173994514,,1.61785328E8
1997796603,529630470,520051129,446650659,,29692864,,,2026592403,1463697909,,2.878352E8
1427493410,1386106236,900390360,1594678331,,1763477287,,,417797933,1619380964,,5.917273E8
377457488,1900010586,1490512962,,,,,,,1211026359,,3.02399136E8
1695340596,111606329,205592686,1842177853,,1600360201,,,754034896,554895934,,9.916841E8
739806538,1186097846,38271.0,1215950339,,,,,149766514,970751310,,1.76623347E9
16850421,1778281577,1189249823,,,1787765882,,,96019627,2103934312,,9
1000280490,952689654,192635989,1039041445,,1909997,,,1188624174,,,6.0713178E8
459131684,147008568,1273930887,1306424574,,82854877,,,601796194,1184967402,,5.34148768E8
879336100,188004093,701916903,988912360,,1779773905,,,1412401392,491771312,,1.53631712E8
785653915,386347239,,204587102,,1038935909,,,1255026504,1840178224,,8.8736538E8
40719065,560063093,1730375243,815545718,,1787265796,,,,309813190,,1.96713728E9
884717042,1716231823,1379765841,28038234,,2031925619,,,1953077269,635000090,,2.12390835E9
2147080863,1147868541,2140881558,1176938421,null,927472992,null,null,64424612,1281118558,null,,null,null,null,null,null,null,null,null,null,null,null
104659356,110232778,5939606,796714983,null,583067724,null,null,1926411354,1791314869,null,1.41594163E9,null,null,null,,null,null,null,null,null,null,null
1013778866,2059390757,625688317,,,786607724,,,144143296,1821522043,,1.67974067E9
207289576,1715676807,1472073140,312860019,,1884041867,,,1911806075,964280873,,1.12939162E9
480426281,1497501067,2114245227,1688943720,,1949387900,,,750174176,1722558039,,1.19357248E9
,180052532,985420487,1481018442,,1023863879,,,1869892934,675919384,,1.18495885E9
1544976901,144080800,1909385984,339381686,,435164555,,,881029132,673730884,,1.15306803E9
745090036,1811919512,1547131048,1396369675,,1619883295,,,819730617,2077370125,,3.13144256E8
2093535908,1827612028,1946120322,2135251954,,1428236565,,,799237347,629258098,,1.88810214E9
1779641270,1376841825,888909754,1915573075,,1729187285,,,,831044879,,5.5899898E8
931561692,1107377756,617113973,,,433881830,,,287653944,701601140,,1.78990067E9
89043778,1702023832,567664427,458905308,,1138336264,,,1748969141,241259957,,1.76368717E9
483363728,1675627354,567174766,58773924,,1117535977,,,1135930153,45101934,,1.4831881E9
915277639,1314272713,1643237217,621499545,,1138721706,,,1235018309,376617061,,1.42092864E9
1299936459,778761345,658296401,771289465,,1201333743,,,262956212,,,
1135415057,818219908,1048744946,1109279751,,1374192814,,,1367957424,529055468,,4.22219264E8
1476374341,184846831,360709844,315648828,,1902617597,,,1444464184,561066690,,1.79723302E9
506917257,785387138,1006485248,270797704,,46104.0,,,1538344192,697770997,,1.8022956E7
1598231379,,1386371197,310023425,,715643797,,,1926907826,1499321067,,1.67888512E9
,332430222,1877934602,1084610235,,1160988448,,,1798902408,260727777,,2.10774093E9
2131257114,891788577,1494071172,1365333426,,671878879,,,1187127774,1088515304,,1.62441664E9
1349026594,1256121225,645335446,2108688208,,295102889,,,376759153,1455141426,,6.7482746E8
431293988,1249609918,572723495,937692258,,210115113,,,2020690762,1899175594,,1.05086598E9
,1821727143,2022574933,1339066670,,1338124264,,,,1417711195,,6.9903898E8
1241650608,458689791,633471594,1056393339,,513038898,,,1806708753,1267275378,,
,1821257710,306653708,436098348,,1448110554,,,2101098448,1021508725,,3.99784384E8
286320312,25095720,1349444225,406387900,,1501050125,,,1002528586,1675613259,,2.01292659E9
2039815389,250474012,1684750789,,,710956670,,,255509114,349681626,,1.45008704E9
1808983738,535232257,1746332279,806580847,,1252033152,,,220436930,1508224139,,1.9072361E9
1841490085,1549851672,182016615,2021016983,,894440665,,,373997942,24.0,,9.0598317E8
1605764201,1188502054,900461999,903402628,,2001107507,,,577791502,1824457573,,4.47703584E8
65161929,887142914,76813044,1482217631,,,,,819138584,515848,,1.18349798E9
403495690,505096789,767645129,442082.0,,332586312,,,214192730,154666665,,5.8030534E8
781353439,1280707210,1349566797,57709089,,529924503,,,884337395,2053184614,,1.02912104E8
1286673999,2147160355,,64006747,,1402647805,,,871265883,284820704,,9.9838323E8
1032285227,1495200908,,186816298,,1656573087,,,113608076,1495486387,,3.30836928E8
1997737791,1939823370,,1045456956,null,1724537496,,null,,1471512067,null,3.93806528E8,null,null,null,,null,null,null,null,null,null,null
992444614,1114880664,541344263,972827881,,,,,1028778088,1930394900,,1.03013312E9
87818858,91531272,923305273,620582574,,1625497213,,,1878330085,84438797,,2.44261472E8
74058829,,1827475056,1717874932,,976008776,,,425826192,112200544,,1.03535462E9
1924005797,1368977181,322200358,1294801756,,1804782776,,,1287683313,270704021,,1.13309658E9
2079622792,451489452,1569250055,1439813613,,1492896020,,,2069433719,16352084,,1.51357683E9
1048999891,990576651,561976251,665003124,null,728021313,null,null,325005634,1774052665,null,1.5498281E9,null,null,null,null,null,null,null,null,null,null,null
1984058730,1838973522,825683827,323124783,null,11603996,null,null,,1667131388,null,1.54023565E9,null,null,null,null,null,null,null,null,null,null,null
654356453,1525392019,1716398423,746086175,,150304081,,,1320008119,522639432,,7.4966918E8
1771937576,1189355983,1887930923,1047541821,,819297459,,,1060411515,998816060,,3.03378336E8
1534098253,1314823830,2028627306,265935349,,2018841816,,,386387243,331493804,,5.33545184E8
1411821048,242978131,949635667,447200202,,1468885695,,,1751773001,1871475113,,3.39821568E8
494747029,1533734468,2074242784,496782277,,1127158795,,,606206991,1050357250,,1.09763187E9
2032500481,811938103,1399531392,1276550106,,745120049,,,,165979671,,4.9957584E7
2751055,1019708597,414163208,666598488,,46104.0,,,1288496752,666850608,,1.25536499E9
1432139223,598414293,,512743260,,2043746302,,,1764222366,1685130242,,1.68555123E9
236009652,15193.0,477872316,1878700375,,387617198,,,1947439873,287413016,,4.328142E7
1755510048,1732612576,2106516139,1271050787,,467057749,,,1690162704,1094399039,,2.68557376E8
582044255,1306213152,1965648879,1356412942,,461166654,,,1482978672,752557395,,1.87686822E9
839768551,15193.0,988877048,564103991,,63043280,,,356717728,88818815,,6.4410426E8
1139470021,307254651,465348060,654203238,,715905749,,,386631791,194638869,,9
1797421741,816824778,288501713,485286806,,686775812,,,1308786863,1324575540,,50628.8
2097543117,260753305,176834597,100062144,,,,,29722133,1019550242,,7.7227386E8
1691648893,615069230,972808343,1542254829,,2018987345,,,1582034197,,,1.55506547E9
1117262919,15193.0,925245358,1257315932,,,,,111221883,1088711408,,1.46266336E8
1078086284,626665962,955483667,1396272042,,233465706,,,59916450,,,4.1212352E8
78929962,2075748750,774688212,169173693,,1987942833,,,869701102,,,1.10729024E9
330770921,1379713001,621261770,986726949,,2016514225,,,394870565,1496940387,,1.75489894E9
1980660723,905750415,988690590,1462919069,,656626461,,,272691301,1708998813,,6.7722259E8
1710304095,929521918,2125360488,12961228,,211804150,,,,1215863329,,3.95341984E8
1869045615,1040165062,1849768030,1831361858,,313250235,,,1365561506,1515362739,,2.17489808E8
1281916636,1745254672,1420485428,330247638,,46104.0,,,245480621,1038438592,,2.55142256E8
1475886972,1000171941,,1867330251,,1334458897,,,952129809,2056255147,,4.74993024E8
133682827,861987630,1189463798,,,2079491417,,,1713765493,945212363,,1.76738291E9
5847540,176023494,1787091641,139001575,,1305198193,,,598133311,2011556392,,1.06793581E9
50904.0,879247416,199765726,1230201434,,1564790862,,,1296305001~1647604898,,1.43635216E8
937578401,1492870484,1284306328,607943713,,1034728436,,,84481325,1073679511,,1.4097408E9
1139032515,767360603,751381655,1631873660,,2049730412,,,1817321584,2060259911,,1.8649801E9
1350209384,1129562314,1985062938,1401049666,,2006420058,,,1670184146,1634198447,,1.07521779E9
723542420,2146273854,38271.0,1322744740,,914054255,,,698199,217920422,,1.85725328E8
1909128821,1876243380,295778402,294526811,null,1585909247,null,null,931503369,251389031,null,1.87718605E9,null,null,null,null,null,,null,null,null,null,null
895155988,920479436,696763066,1088244131,,1295794090,,,1167312831,229372406,,3.82957888E8
50904.0,1090358289,199029495,1662301834,,465388192,,,1086646998,,,1.57882842E9
575990336,653228951,1082705823,526547763,,910090440,,,1513837952,1108601550,,8.0096966E8
221680700,1163611428,514602956,414142837,,1735361343,,,913154997,179739729,,1.19529856E9
440825979,946091994,2036866361,465095716,,1408485323,,,2119062192,1853542730,,5.36852736E8
365127749,1444952676,2039513034,402412586,,1560520693,,,955782860,30983451,,1.72773773E9
1422448115,,38271.0,1066094489,,1752322253,,,1466120743,819347110,,9.6486874E8
1466015920,1613985216,1700579432,818437870,,320071063,,,1690040473,524905298,,2.04627366E9
602142023,,61360395,1695301487,,1525938800,,,374837492,,,7.5592646E8
293806768,1337742534,595166163,369707841,,149065274,,,993129034,1749122664,,1.57674112E9
366692467,1243826049,687018755,1205087499,,1769764811,,,1346461486,1620198084,,7.9073683E8
106276011,887481115,923505733,,,68695252,,,1945346023,1521083041,,1.23660493E9
1464318774,514050559,274781485,492062288,,257274070,,,716831256,1255433120,,1.78385664E9
1844355809,139846588,500677884,155015647,,490546474,,,1245449217,2105206453,,1.3676873E9
44907475,634763772,231648558,2145087798,,1496648189,,,444240483,903734075,,1.48567949E9
1043911106,1576220507,1532963000,1605773830,,1511838166,,,869214956,200710314,,4.98662336E8
1269604329,280919287,1186704954,1417047447,,892109202,,,,1043642679,,9
50904.0,961557047,365062819,2140302636,,861342594,,,1.0,2121765227,,1.76574886E9
1617655684,574730385,176901735,276818033,,1176152246,,,1.0,1274701527,,1.88029734E9
257113964,15193.0,270910567,1960122424,,433057799,,,1333126162,839243677,,3.226912E8
1287610024,2022681066,2012520321,1226691552,,426088847,,,1453753199,1663205955,,1.53097702E9
936172845,1386036448,772721976,512057341,,110114149,,,186399533,87364289,,1.65513894E9
808728065,1843531485,1175378314,1191538926,,2007570559,,,1518563521,276829442,,1.65864166E9
1243592474,1602159907,1863012415,421952301,,990478750,,,325497779,1857777743,,1.39703936E9
1623515215,635628714,783774094,24803595,,1597371556,,,1757339751,773356937,,3.34367648E8
719119047,1052872779,991872057,964021755,,1203033721,,,1956182311,216987292,,2.92204064E8
1613434492,1364383992,447302940,789353740,,254534559,,,1106445886,995733037,,4.26436992E8
158745805,1943499262,674331004,442082.0~,1245187021,,,1.0,157866053,,1.70840589E9
1661291211,,1597218013,938456431,,210626855,,,503657468,477595786,,1.61228339E9
1891927750,15193.0,947984676,1204738739,,2125810315,,,862157922,1142395066,,5.7403648E8
1165194227,330795074,931013745,926995065,,1597286815,,,,1305227094,,2.10197363E9
643407657,331198358,1195706814,862193502,,1843950089,,,1052202393,2061397063,,1.28998925E9
569810501,171961392,,1349738674,,1508118034,,,73546614,2044936322,,1.40666803E9
266698549,764751365,48681667,,,80124202,,,1285008434,117714004,,4.025072E8
541411413,523918125,,1920251495,,1611633543,,,401718860,1329106152,,6.3173408E8
1254730577,127454787,1517685082,563263925,,1312627789,,,1197198342,,,9.6728602E8
1386907368,1330811105,75561091,1940077812,,1274275976,,,373573444,628014972,,
601143505,1286096427,298061751,1103997274,null,1018078432,null,null,1.0,,null,7.6671987E8,null,null,null,null,null,null,null,null,null,null,null
109623200,1485488535,366525915,1983460135,,283519421,null,null,,1797969417,null,1.938432E8,null,null,null,,null,null,null,null,null,null,null
68425947,583468457,823561540,1859927865,,1963018085,,,659073970,507260217,,9.7341421E8
298548414,584014075,38271.0,1183853850,null,816069818,null,null,745508364,806037601,null,5.34379296E8,null,null,null,null,null,null,null,null,null,null,null