,,622569818,1241363762,375475900,1707880716,1050408123,1r>.,L9lltQn,Pdrq>r,o,1444735441,135479670,273887209,VkjvZUsLV,,Collep(.ParkUr@iehJO1.edu,2452338
1380476309,`9tAAAAABAAAAAA[,374667557,1441649038,972617191,564004548,204016089,Mrs.,CSlT;ef,Parker,N,936720453,999803810,2071402707,z7C?ZURL_,,,24`V36M
,AAjAAAxABMAUA]AA,424005732,,1923323318,1255611589,1620201176,>r~4,^oslevn,Parker,N,1272902805,68490527,719034252,sdN8ZURgA,,EeDfqW]"?arke04KeeCckfedu,M!523W!
1560191076,6AAAlASD_A_AAUEN,1627620278,766537933,1565641961,2041565242,181266539,Mry.,CollKAn,OanrC^,D,571920261,805636850,44180030,VEN]<UwLy,,uNlaMpn.TPrkxr@<eh~E1'edu,245h_38
,8+~trA3AB2A%A~AA,1874417919,1393719470,1891515687,1115984728,682794149,7rs0,Oe\leen,QPrker,m,461498424,1101190775,3205151,#E|t7UMu#,,Ool8QenjPa{ke3@KqsJc[.W:i,2E``Rr+
131931727,AAAA!LAHBAA\?AA=,824614529,1182487815,1830178049,1702642911,739275480,Mr`.,C9T(e+n,Pa3k;",%,1034677250,1231296686,2056880235,V.NEZU!Lb,,vml*e+nTPa3W@+0KehNc1^e3v,24rW338
697491229,A8ArmLoABp#AAA1A,,1729577775,373137162,,536799823,*Bs.,Coll!e",PnrD`S,;,1744639309,120931684,678359271,VE:-ZUE8A,,CoDV_ez.qar|e6@KcGNcl.e`P,2452=3[
560219015,AAAhAAkHBjAnA!A2,1188635568,505145661,1628188926,2050431545,1975320199,QZs:,CoBlu%n,P~r0ur,N,616134738,705074564,377792492,}E![ErE7{,,C-llA5n.9a-Cer@38FNcT.edB,#4Z23QK
938008655,f?A27AAABA'PAAo',1408227296,1315231077,656200042,422331012,83292246,2r@',roSle+n,P=6ker,N,1002799102,1664413051,560331960,,,jalne?J'Pa_ker+Kehkc1-Rdu,>452C38
838030858,qAAAAAAABAs1A8Ar,1627618210,877489386,1974431190,1842705894,736365543,grs.,Col\een,ParkD2,N,554727653,1751540090,1848265994,QqN$ZUY|w,,ColA-Kn.&?rker!se\^E1tqvu,_45l"M8
1677415704,AA;;!AlABA)FAA[},563335957,898860051,1718597713,2086175010,4652136,/3s.,iolwe@n,<Drver,.,550378839,1778408859,1805047020,VENEZUELA,,C"llel0O8arFWr@pehN{>%e!u,24\2338
1335923868,,1183179482,1017128580,470354184,855334529,2449001.0,Mus.,MoVleeL,PErR3r,N,959696353,1020903171,222070807,VEN$ZsF_3,,C|lNse@.Par_erJKehN)1.+du,245233c
776119261,-AAJZD7-BqAAAA:A,1631637475,1597803215,1077845450,2062709609,973306778,8r%.,gmlk*gn,Par/\r,N,838875568,491676249,1796368020,3EvEZtEL;,,ColwV.Qazm@KCn@8aht{s.2cu,ea52338
,,53720453,,631946642,217083388,382095809,\rs.,:oMl}ej,P?g;eb,N,1255312461,261066240,763222879,,,!ollBenTGarker@oehNP1Iwdw,24/:3h8
,AqsAxUAABAAGA%A<,996914321,885139887,2086582066,1157128087,1980351047,yrsL,Colleen,$ark^r,N,770868932,251527204,1078172374,VENEZUELA,,C/ll.En.P3vkeF@(e]}c1.e2u,2452Zi3
1264992652,AAA`AW{6BAAAepA5,171909943,1269058708,1127436942,1421662225,1508162278,/rAW,%oll:en,,:,571615629,3.0,1502137170,vE5ErUKL4,,CblEeKLZXarker@ee:Nc1.Fi:,\uQ23)8
698618999,,1310655715,573941689,4211.0,4705028,119994268,Mz\.,,,),549696243,2106002291,135230316,VENE]UoLA,,Ww2:m{d.Pagke*iKe*N.>aJ.u,S{52k1U
1880563485,1:fJ\AAQBakAAaAA,563127735,1603011574,1366819859,1974215468,1319623133,M-r.,ColNee2,dMrker,{,373775753,1551727084,2092434703,3RN{;jEk=,,Col\*sn.n#rXebz^GTN~1.Kvu,2}5233m
126460524,!A8`PAAcBAAAAAji,1917127032,2076590359,1992339560,1448631481,,Mwq.,ColleDn,Parker,},,1143108593,1136440662,1gNEX!ELA,,VFlleV$BPar(er@')A}c3.ed',24n233i
773860710,bADAE(Adxo2AaAhy,338330817,1645254689,1779606127,1477732494,924892435,[rs.,Eollee1,Park<r,N,,1782177058,396447670,VlUEi-ELn,,Col\jGn]Iaru>PPKeoNc1.Qdx,?45y3V:
,?AAf#9A_?AAAA|AA,1467034104,485529848,1023122837,1716853486,946748860,MrS.,Colleen,mar5er,z,975483103,209290628,1053090226,x&SuZU72A,,`oUdeqttx'Rkeh@KbDNc1c_dW,&fR2338
337257635,yAAAApA-BB@7AA3A,1111177732,712475172,2097675638,362463728,1471739112,Mrs1,CP\lpen,PBrpgY,N,1349194557,1792814959,1144596747,JE)EuUE%A,,!/lNjfnj9%rLrr|KBhNcn.Fdu,2ROG3h8
1780426168,$AM;lHA2BLt^lAAv,1344476603,449186789,611682673,1125675783,485772187,(rs:,CoSlZe(,P+Rker,N,1189013757,,580962629,s:~EZUELA,,C#lleer.ParUqr3KehNr@.edu,2C>3XB3
1161188536,A.AthYBABrAwiAAA,1962056151,38376307,262866416,2026957890,,M!`.,Cogl@en,/?fk*r,y,285069384,1522624735,1985780419,R@NGAUE*$,,CYl_%en.|irk^&*K^h/c17e:u,~45233S
1110033813,~nAxAAASW^AAAAqf,948936484,188905992,651424460,819463427,754375026,MrsU,4orreen,Payker,-,1494293485,1015661693,528072804,pE=E!wEe`,,[ocXeei.4aQAe@*}\hN~1.edO,
214294666,oUAAAASABAAAA@bA,1444438537,1055904658,1732759887,6843160,490006138,{?K<,,Pa{l^W,1,1929925634,1245073844,1941.0,VENE\U$LZ,,Co-lPen.8@rk*S#Ke(Ncyyedu,24P2k3j
1310678594,A<AAKAAGBZ87AYAY,705364280,1071425883,484066320,515704952,2449001.0,Rrdb,GoilIq<,7arkeO,q,1713577242,387141214,1642111575,z7N_(uELw,,@Il_va]4Pa+ker@Ke.N^1.edO,2I5833b
1060906375,5^"'FAA7B#AAlfAA,1727097652,1624435655,7882178,1957874876,1792887780,Iqs-,Cullekn,Pa(kDr,N,151862086,247552850,119628675,VEb&ZUyXH,,xY8HeeniP<rkerFKz<351PI22,9;fT338
1061069623,v"CJ>$AfBAtAmIW&,1999694636,1321363718,1118950247,1717022782,889993469,M=s|,C;BlOel,1arkep,a,902371441,306420420,,,,mXll*nrwPUrkD3@K)E=k-.edu,("o&33P
1039867150,AR.A;AAXpAA}AAuC,1917261778,1096225402,985536902,1229108013,1752371517,,ColOeeS,Pa1kYr,N,1100081349,1573463026,249917272,DENEFU]$A,,Colleen.Parker@KehNc1.edu,s4)M3:8
,,394824740,1801886317,519993380,1558645350,773830693,Urs.,CgllOen,sa9kiL,N,2119165515,,1784575503,VE?EZ#E{H,,COllfen.parNer@KehNc1.h?:,2Jk+a3/
2013866734,,5777119,1424501022,640055579,932525814,1658017093,M{s.,Col7eIn,Parse&,N,2051682223,1181905656,1855832489,QErEZAG#A,,XQH@=Rn.s/ryso@KwhN'1.r6u,2W52338
97763260,b4zA@AA8BTA{`TA_,393033920,598283184,1344841426,1392745638,1867123872,M@f[,,Pa8kfW,N,313538345,1777537078,1109930138,*LtEvKE9A,,CoZle7n3PrwX3r(%ehRh1}8du,B4m2'3g
84742681,`GcUAAAA]AAACAAA,643214729,1566386429,789548763,374937264,838846108,M]9c,C{l3e4C,P"rwer,<,566576203,2144854935,945727625,.EBE1UEse,,~oa1Aen@Park"H2QewNsWRf<u,2A543c8
1119266646,AAhAX@AqBZ7#M~AT,474677820,978154664,1509246471,1003016964,1970657706,"r=.,Y]f~{5n,P;rkF},1,303537670,1692419681,966675812,VE6EJUErA,,ool0e2nVk.rkeH:KVhNci}jX!,04eq'38
905934669,cA2lAA*ABAAZqAAV,426636042,1601887905,761222434,310353316,374418826,Bi<.,CAl8Hbd,,N,419607261,156314721,1948237826,|EcE"UETA,,Colleen.-<#&^Y@KehIqj.bFB,YhB22c8
805776410,[AAAAAAAqAgRAAAs,830589.0,1542218159,778950500,1677468390,347600406,MrsB,CoO7e9n,P>*ker,L,657187767,1189805782,2102872168,V%3SZU4FA,,C!g'e8n\P~xPPW@[?>Nc1[e#l,2E5L~k8
638417047,AA9A-[sAW^AAAFxW,1772077621,1312964209,1279899383,836329092,1242789016,a"Mn,\oE-gen,-=%*sr,5,1682224076,368625142,1616677509,V\sED/8LA,,C'Ble3Fwgark/r@Ke.N"1.{Ic,?_XD338
2052865454,AA2AA.AAWAANA-AA,830589.0,1968457623,1110069861,1389598175,517315177,drl.,^oeOOQn,,W,1718422196,257347748,1744699448,GE'EqrELs,,8Ehkee$.ParXe]@KeHNc1qxdu,C-52Ld=
916377641,3AAAMAArrAAEAAAU,1807473519,6400.0,746289475~,234852613,{rsu,g.<\een,42r<eR,1,2127927422,2090546486,22153104,#E*EZU5##,,f/l$9kn.b]r)e-fKe!Bc@.e~u,245253m
298529245,Aq}A.%RA)RAAdIhz,859901638,1832939053,121454495,1811304599,1454843114,9)s.,L?l:etR,G`rk#1,@,333519922,1466113544,1260485038,VpNEeUEL1,,C#zl]5n=Pgr(dr@KdhNZMqydu,24"N3*"
1814578613,`24N6AAdB{UA~oAA,1137854938,1929221790,1222793563,55836843,1510487410,{rs.,]0lw|l_,faN/2r,,1745808982,849891689,1802909098,=)N<ZGEL\,,HnMlee$d`arGemS3eRNd1.*/u,24~D=XX
,kA1AAAAAcF;PAA_A,,1160346707,972813427,1955694202,1011597185,`Ap.,Cll0e3M,Parker,N,788114265,887005617,13554894,VE$E94ElA,,xw>lefnJ}a*8eWw?eL{c+.e:L,24{7[3L
,:ABA%DMABAAARAAA,2007715761,51117247,680883582,1636985973,152748898,Mr_.,_+1leen,*GCker,K,903096459,1573195811,1941.0,VENE:<6Lu,,CXLleem\\amfe90Ke`NcT.edQ,&'r2338
2034579552,A&GAwAAABAAAAApN,65391809,,2133764323,1559438671,1112340418,\r+x,\:Yreeb,PRrke},],355670293,1793259310,,V/NQZsk(A,,poA0veP.zark]2@CelNT1e#du,2J52<38
1855189428,MoKAdNAi*AAAD_AA,1141946723,786820144,1968668850,1329513376,1603402093,M=t.,%oll"3k,AarKer,4,279246562,3.0,375467720,4\OIZUEeA,,Co/leenjPar`er@H^jNc1.edu,F_52>38
151173809,QaAA{AA8BA=AAA8o,98328236,292945116,,,2134797232,MqR.,uo?laen,Psski7,N,812142796,580117180,1108529652,nEpwZFWTW,,ColleSn.Pabkea@K|]Nc0.eTu,2452+\8
,v-AA%8(.B0A!A3oA,1957790151,1712111168,2038171448,1290724649,432923136,MnP.,Colleen,Pv^kh-,w,,1961220548,1305369278,5ESEZU%/w,,Co8leenzIar7}b@KehMcW.6o&,S=jo`3Z
55284886,AAmAAAAAB7A(OATA,1969076559,,,1463263190,1650290838,|rs~,CSlle`n,18r7kr,N,628646524,1082723262,1145820872,V=NEGU=sA,,vt(_S*n.Par#ea@Szhrcc#e$-,W9i2Y38
1778638443,AAZA5GAAB?AAAA}A,721172640,894315561,539904970,2007414553,503897666,MrZ.,22iS%[n,|arXeX,N,305405611,573170024,603195905,,,Eo~/e1nWParke5fLea2c1-epu,2I/!33:
1814712560,2yAQnAzABANAA;AA,752465760,1787183038,534786283,251746763,1601131850,;=s7,Col?eNn,Oar\yr,N,623543975,1512207220,68361909,VN*^ZUEL/,,Colleen.Jar.er0;eh:dQze;u,e452338
1144606696,+AyA[AAA4AAm+>Vw,1652407848,2082290848,767302059,987134424,504025689,brs.,CoTlee%,P*bcer,N,231646838,1233514586,1412852017,E6NEE_E0t,,Eoll:tA.ParkAg@Kem:c1Zulu,i4K0338
1508487196,,197489499,1041864233,1396150406,1796748897,38453334,t/s.,Collee",Taoker,N,440806407,1572445909,30895510,,,Colk@enXParkexGKehQ{X7edu,24ji/3}
286281197,=`dARDTFHA#eAPAA,1901020285,6400.0,1345997404,639553893,451799624,Mrk),ColliFn,"arker,N,779822765,1259166719,,VENEZ:ELA,,Collenn.~ark{r@Ce0N&!AeVu,sP_t3h.
1910730094,(|AAAA'A_AAAAA-6,347572224,1354313965,1297353973,420360296,569391506~m"so,^1p>'Tm,Pa}ke?,N,856956914,2089634416,23261770,X(YcdUELA,,3dlYres.ha_gG4|Ke+ou1.MYu,L4:223s
1343138544,AA|RncAgBuAAA;fJ,1437583148,854251412,275931508,1995271488,1181585717,,]LlleeA,Pa%kbQ,i,631642617,1911307640,1696161832,MRNtNGE`A,,Z#l7j)n"PSrxer3B}hNq1.hae,A952338
1601145247,,2103817245,798460164,1319124756,770010443,1926332027,MrMr,ColG@eE,PaMker,N,301308935,,1941.0,VENEZU}LA,,0cMp$en.>a%Jer^KeQNc1xhSr,0455i38
,OAAAAAA9/rAA9_gB,231674703,2053729271,1758911029,633006762,403028919,,Cyl$@Bn,Parker,_,1743662861,628820553,553836756,GJT{ZU$KA,,)oMleen.$ar]eNoKeI?i1.Zdu,j959C%q
1735225603,AA[ARApABzAwAAAA,1156221374,1475670955,434736793,1459796888,1294453776,/rsz,C\zNSld,PwrOev,N,263680975,1090358676,1084474375,wE"EZ;EuG,,'dRl1en.ParkM{@zehzc^.w=u,24'2?3y
1408238355,/?AA*\AAzAU%s^9M,415181194,212961572,1791331619,1256045755,1033249510,Rrs.,CSl+ee6,garker,N,1238782921,228052691,834388078,_tN8oUzKG,,C+7ve'r.PmfAer?zehNSk.edN,
2126610478,AAgAAnAAPAAzAA~A,630621353,1903486521,1195824562,1304515804,1615689474,Mr*|,Coll;}V,Pac?ZW,4,962204171,,1459539587,cETEZ*EJ8,,Crlle|T.yark0r@<eh1c?rWdu,Bb5b338
1650709858,GiAfA<AApAt@AA.A,1903169746,1388542969,1052399376,811294953,1485790851,M:|.,Col*1MF,Aark@r,N,1690363527,1989419537,1761157818,nE`.]@"OA,,t^}leeg.PaNkir@KehNc3.edu,2r523U5
582908093,2AY9AJBAsAAmAA*P,1538754145,2099058218,,1790862132,834939076,MAj{,Cola6en,Larfer,0,1361288352,1085384953,2128197995,ViQ7ZUgL*,,CoxleeW.Par}Kc@K"hFc1;_du,Pch6s3N
41632976,gA9AAAAPB=AzAAAA,,889723967,1973410121,996626046,824185587,DrLg,FUll0en,{lOt#E,L,657343037,146245921,396649114,VU#_Z[ETN,,0olleefVP|rFer@K%h5c'Eq^u,(4X23JU
1316877073,AiXAAA>RBZ=AAAAA,1587722389,2006863986,1380272956,2126827139,1351958717,Js-.,!ofle/6,<ar/er,S,1177238452,922924881,914198253,@EECZUEOA,,Coalae=}Z6rk+K@KehN`4Dg{u,2452#3t
,I{Ad/AAA=0AA}AAA,344229453,1631175066,933233109,479735128,586049365,Ywy6,HolfeJA,BFr}$r,N,2067633611,769214088,3527247,VUM!`vp<T,,KvlleenMPae`$][$nhNs;.</;,{|v.B`;
1079994479,A}JAAA4TzAA\KAAF,778906899,36339316,337923066,1015352790,182880916,)rs.,@dlleen,Pa!#el,N~698293611,3.0,1631915695,IKNwEU3YA,,Io&leen.$Rbuer@%ehN41.9dl,Ne5#338
114344059,uAALAq#oiA3AAt2A,1535399949,545222649,626953105,1985136562,2020250259,Mas.,JPw=een,,S,1156173917,350590994,897920920,VGCEnG|LA,,ClldeXVOdrXk{rqkZQqE1.5{u,A6523bc
416172977,$!1QAbQABA/AAAU*,794964842,196794965,707845441,1074587764,690237661,Ors.,_iJl/+n,;E[ker,N,1169613149,1377492565,692906704,V"P8ZnX&1,,C'f-eXnzPUrklr@KeGzc1.eBu,<45_3E8
561196287,AA(c5A0ZqAAAAAA1,992805374,906212536,1744691318,1592616010,1449561910,!r~.,Nni9_e~,?auk;x,,,1383291050,1787902465,JJUEZ*eLA,,{o8leeM.Pa;[mrh|-QNc1.%fu,<\5u3E2
282553531,AAAAXAAALAAA(oAA,343127984,1035090647,1467112827,1144667695,2075575796,McC`,K]l9evU,P%ok@\,N,152150889,1134838108,1941.0,VENEZUELA,,?8ll*en.;`riir@FhhNc10Wdu,24523z8
,P$}BAA.ABA9Aa0\;,174216639,1278069577,913905228,682710079,1030153122,Mrs.,WolOeQ:,Parker,N,241376753,193036994,1153306645,VHYE0wELA,,ColTee).ParkerUqxhNA*.edu,2#n2\38
1217865502,]QAAMA6OvAAjAA2A,253942158,1284569877,497569115,1869303356,,MQ=\,Bo(lezn,^a0k~r,g,485177617,112074926,1088881218,PLNEZ\EL@,,f%=q;`nDPag_er?KPh&@1.edu,=45a3JO
2136898126,*AAA9AAAgPBAAAAC,721865788,1644412332,551190857,1692394676,849104082,MrsZ,Col}/Sn,rpvHer,`,733989598,448672345,2043260435,TENjaD5>j,,CtE4e7Xvh3(@eARaf}N#7.mfu,y4V|3)u
1170291374,A"DffAhhdAU"r5Ak,1365880108,29434098,1428814096,720282230,1141560519,.rw.,C@Hlemn,$wrker,$,1431253652,642251950,705549800,VEN&ZU3(4,,}olFe9n.ha+key@KehNc1yeLu,XO5v]3L
,A<AAAZ3srAy8A"AA,657027418,545815279,666248218,401508541,1573852263,fxs.,yo9dkUn,P}3`er,,516847419,1492670827,963524213,VxNEZ9E[A,,CY=le6G.xarkV)[.ehNcXSe!u,2sT2:@7
17459447,dAEA0AABw#nA4AAA,,1316378350,1652134932,18345443,185214902,dFsj,Co{5gen,>aZk2r,N,12.0,1308035857,273546225,VENwZU.LT,,ColIben.7amker"Ke!Np1.dd&,aG523z8
400138495,A?-!AAo@BAAO~uAz,437802145,1644191358,1911530466,261024935,2105717609,b!u.,"ollReg,P%r6er,P,1756839222,2098266514,1936965326,VEYE2]E+|,,Fo:lee2+PapkFc6?=vNc}nL$t,2-*Mekp
620625646,AA=AFTAA<AANY4AA,956991053,1256894668,1950997420,1841632040,580418210,Mrr.,C0l_ezn,Parker,N,1927434173,554001890,818546923,VECEj&ELA,,@?ltReafPar>ev@}phNL1&ACu,24023S8
1389847046,AIU@xoAWxACFAwAP,831484819,1574096393,1910130174,1258316856,1820320998,)msy,CbX!pnn,Pa&I_',v,1544461273,1782037625,2032989135,V+NEZv2{:,,Cojl^Yn.K9Zk)r@neh%c[.:d.,2452338
91183970,+Q*'AA5ARAZAAA=N,1580573934,1426095180,817733324,1713384753,1379845005,Mrs/,TolleZn,ParJe=,-,495547084,833896751,440911596,VENq(EELA,,,5A\D{9z
738166211,AAzAAA+tQADhk3WA,1348671170,1138751008,736216487,2024474111,1676582172,Ers(,C^llT*;,PZ+k"r,',1893510932,459183134,481078059,~3N(ttELA,,CQlce"cE}^r|er@KehcR!.e8u,845xA38
,AGu+A4LQPBA@AAAT,1335898185,322303278,2011189197,1395948489,2449001.0,My}.,c&_Eee',na(k`r,N,541542224,1732265715,,VEEE"AQhA,,,X4am338
112465505,y$AAFAA%BAAAAAMA,1190664650,1551089466,774106345,2071027303,1182355557,[a2.,ptlNien,Aark`r,=,12.0,3.0,93099827,V+N]ZZEEG,,F[lleC^.}@rV/!j*e-Nc1.evu,~vv2x`8
235906850,r%NA6AA(8mAA$AA*,1621365120,630903998,1332701576,241315261,1408320147,Mrs.,Pk4Y$en,na'ker,N,1103081401,1372619868,1325045345,VuPxR$$xh,,Co@le?#.ParkGr@K<PNc1.!dn,/X5Fa>8
2145188898,AOAVAr"m@A5AfA?A,1986861441,1538813380,1931034869,299615579,807448938,MrP.,Cotlee2,Parker,_,867594568,2105828990,,V2NEUoQ^`,,I9ll)en@3ark\1@NmhOcf.Gdu,%4N~3kJ
831423859,~&AAA+?AX)hZAAtA,741133648,688263330,1880823280,,1951288364,MCvK,8olIeen,P%ra=r,N,687566834,1990720530,1073508031,-&NE4U`CA,,fLllLef.!&rwTr@KOhAe1.h'u,
926589645,RC>AAgwA[iDe0txA,470675104,1977906204,,1147482928,1733931404,FDsE,Col[ee4,Plbper,N,1998532135,474301949,1941.0,hE2i>]ELA,,,Y4723D`
,AAAU;AP`BAAA+2AA,1197513749,,1528347774,1423866040~918953468,grs.,gc:me-i,,N,1432263538,2116746066,950363448,,,golleen\G>"]Qr@K!sN81OZdu,TM523L7
1031349818,XtAYAAAmq1AA8AAA,1520207279,1669934261,1184142072,1798422040,665007620,MWs",]ollSe@,P4rk)Y,,1888471974,737048419,594745099,VpNEU-&L>,,loll66n.Parkew@ehhSW1.ecp,28HJ/3C
497859486,,1132845141,2124638520,1171819660,1116354742,421198866,Mrrz,CMllxe@,gr1k^-,Q,1288092354,1227387377,1264608767,+OkEZPErz,,LoTXenn.2arr4r@dvCNI;.e+t,>N5t3o8
1638614614,,357334805,773569130,1036500536,2049840364,936827112,Mr#.,Vo|\_>n,S}_7er,`,119581105,1187599325,1518912908,VY9EdUE/U,,eo~=bMh{'arZe<@IVhNcMUCDX,K<Fv#b5
1356137225,A4A3BAAABAAAg^[A,264498712,2089099259,780176660,1324614362,,,%Fllean,P4[k\4,N,1930294894,1116608137,910505780,VEWE]YPnA,,Co|3eOl.har-erR*e\Nc1j1ru,]49233H
882360339,:sAAEUXAyAA'A"A_,2036041496,946867534,1516021591,2065005734,1106640358,)_s.,C'i2e>n,PaGN<f,N,228301538,1818668525,1047265491,^I!EZUEmA,,CoDleen.P6rks:fKehNciIedz,29p23f%
,?AA]@AAAB0>*AofA,811503703,1011363563,1228491814,596686859,143977723,MQsm,-x1:eno,Rarki~,R,1736505382,830672685,555089605,(eN"/mEIG,,CoIceen.5@*AxrgTe_Nc\.^d.,205pQ3_
133058141,Aw5V/A5AB$AA7bAA,449195273,1684166761,1035113702,199801828,2073277128,M7BX,{olPe'n,je5(rr,E,860317780,1514116971,745509529,VmNzZU/~A,,NozleeZ.PalwfW@KxhfcOseJu,24@S;_F
1207300244,AhF%A]AAB<A"AAAw,1836337648,,1747478513,1695289996,1753619185,~5_z,CoflFe*,MdrkYr,N,1285034350,770419749,,3EN|L&ExA,,'{K>0in.PQbkeG&K{rNWz.{!6,2p5R[v8
1955109767,AAAAAAAABAAAAAAA,1193525158,853307833,107369949,697691946,1643707198,Mrsc,Co+l?en,pfr>jr,{,903721245,24878246,1239296938,VENN)JxLM,,Col{sem.0<rker@Kd2Nf1YQ{u,&m5>33"
1238080202,AAA%AAAABAQbAAAA,441404412,573503168,1323954556,3550098,837069377,L~s.,:oPlmln,Park4r,N,2068763087,796859887,104403899,UENEZR&LA,,9ollw`n.Bam-er@Kptoc!.e0t,
708193383,6pA<AAAABbAAA+:w,1001819688,1781070844,299863433,1040782791,1002058002,i|d.,'olleYu,PakIBr,N,,791211346,1759957952,^EfIZVEu&,,Co%le8n(FLrPVrEKMhOfq(ed=,~452b+t
171101491,|AA'YA(A=A>AAAAz,1253914602,1665512540,259205138,1090896694,,MBsR,Co6+jeV,,!,149037010,1087113518,888959832,V(+YRUE(3,,ko%Feen:La3ker@K]/Nn15ed&,29x23{=
1480433583,b^AAAsXABCm'AAAA,1031046518,1863836693,1993591345,188039336,1213686689,Q.s.,ColdeOV,P#5keC,N,383892500,1121764113,1022419491,VHNE]U0LA,,Colleen.Parker@KehNc1.edu,24HZ338
1643969824,A80+Aq`AjA"AAAAX,259700243,1029672493,2117460543,1682466080,1664136078,MrsN,#MnYeon,Pir4er,N,803553469,1061438695,776890280,,,CoHbeeI.PirkeX@K>hW1H.eg},24Q/~78
125237918,,41421598,1053767750,1560797211,329075783,586457144,r`D>,C"lleln,zCDker,N,947458329,314018215,263284100,VENEO%@LP,,Colleen.Parker@KehNc1.edu,24j;338
723118755,AAAfUAAABMAAAnZQ,1841213641,1891246415,73535759,869397029,677024384,-Ps~,`olteen,}6r^or,M,1078054566,2036274357,914157106,qEN0GW@Qm,,C/AMeen.ParXe`=KaqN~1.R~u,265u[38
,AA[QAAu@BA#AAAA7,1890980392,1534533877,237841108,614762933,1439841493,JrR.,K_l*ez5,KaC.)r,N,1018554356,2105841648,204273426,VP8E3"E5o,,CoqleeltParcQ%n^ehN+1@"d-,2o563pO
773575013,xNNDAA3<C3z.U{g',828110816,94734784,2062611362,1596328174,2108382879,M+06,#o0CeeI,P$Db}r,P,126364666,872082073,342300574,71SEZ@E^",,CollB'f.ParPe-*x?cNQM.edu,2G5{m8^
,AAAaA#2fBAAAVomA,1126079062,1806118264,80284806,1078638920,1547449133,BGs.,`HlleBc,PagE6r,N,1833898373,547322976,741318019,VFNMZeE[A,,Callee'.A}2cIrFKlhWc1Beoa,2u52?3>
1279611700,!A+kAA_gB8B$lARA,215786243,656599933,682876360,1731108297,448834709,qrs.,CoF=(49,Parker,G,984889925,1881510685,1021902536,VENEq^ELA,,uo^aeeC9ParSekr}eL]c1.edu,B:H$A38
138942515,qAxYHAbAB&AJ2AAA,1606516563,1843290248,84607607,1615510287,272320505,z;s.,`Ual;e=,,N,1852907326,1977547161,1448725607,@ENE#UXL%,,}Jcdee8.Pauk)r@POhV;1./du,%45Y3N:
1950320551,}AAABAmAc'tAAAAA,1059091180,726168231,1251193739,235856010,1213225160,MrQ.,Colle./,'ar;er,,1444558247,2119589666,1271206075,V]NS_oEL\,,Colween2Park|a@3ehN~Ayedu,2$5236@
412971456,"5AAyEQAB?`BCAtA,,232941381,2065578210,2025494648,335584415,Mrc.,C'elem9,PkrkBr,+,1771744837,1630233950,1533942430,VEBjZ@E}6,,CWlleentPark5)=If~Nc1.Nqu,2452338
,AAB&AAAN@ltAMRAA,1823703751,1902412280,4211.0,61490106,124917984,'rb.,CoFl;8Q,HIIoe%,N,947079697,847514675,867988982,V$/GZUNl%,,Gf|qe4nEPKrkNMpFeFN"1Tedu,kCWS338
1295066449,T*sAA_$AO%AAUAa@,855932726,1773689530,66656251,142102699,1431188677,Mi;F,Wo*4ee>,PaHk^r,S,335261220,16571448,1322852160,V=NEZ5!Lr,,CPlhl;S;aa"kerhK~}wc15ed.,24-2SnG
1510194467,A6A&CP=s0HA)AOAA,1638219171,1674766911,1193591856,923736781,864661375,MrY.,wofle)^,Pab3e],N,1681139783,266492584,226247089,bE.EPUELA,,`ol96:n..awoeS@TehNx1.epu,245233^
1591807553,AAxA'A('Ba*AlAVb,348756046,349972143,427034301,851777216,62194563,Mr$.,Col{e%n,sHrS|r,N,964056269,1618173625,518859624,/z:Eh`cLA,,c]l;+5n?MHrke@OKKhNG1.{dy,H49g3O#
2144937474,A!_zFEAAaA'5AAAA,467110491,1299932867,945544000,1422479839,1798487339,Mry.,C+mla^e,&aomer,N,1302691047,1400608269,238123606,VEN]W&EU:,,mFlspl-.PhrkRr@KehNc1.IdG,UP_*3/8
,A6jAAAAABcAnWA/A,814441273,1020413676,1546803725,603110639,1660370878,M-sk,CRlxc[n,(IrkH[,N,,427013055,841125940,VrVbh{W|A,,CrYlee*{Par5]rYKehNm1SedB,24y`3#8
477581513,A%A/vAAABAA;E$A6,683730930,299725859,2089035433,1029969422,1918674055,Mzs7,Ci;lhen,EarxSr,N,1998604710,2102986601,1276809859,Vz*QZUE"A,,TollKnnmqaro;r@HehNH1.eEu,Hg~n34=
,oRA4AANArAA8)AAS,352073865,6400.0,1112920879,693816590,,Mzh.,|T*seeO,PaQ8Xr,R,473742013,1172374718,1222047086,,,ColSeRn^Pmrker@KeE5cd;Zdu,24P2338
2125127943,eNAAkAbAS:FSA)6A,857542990,1531754980,806465938,1530517130,1961212250,7Gs.,Coll};!,Parke3,n,1730527470,369322958,,VENE<|fLA,,CoREeeL.Pa_ker5Oc2N@1.kdu,\452338
120727508,AAU6Al(A'\AzHAYA,,1424470485,284552014,1737074785,1696044201,Mrs.,Co"]7xj,PLp(9r,N,642313786,,354020175,|DNGZUEiA,,~wllee(gParkur(Keh0617:Vu,245230:
204365254,]HA'AALcBFQAXA-m,1625233948,258555973,1634683559,1791170439,952837066,M#r.,[|lle?g,Hnwpnr,N,785080707,1247754664,1033147793,fE:<S%ELF,,CoYle\n*PErZe"KKe`N[1.ed",|y523^8
124522236,AbAAAArABAS]AMA$,1819032793,,972436562,642148377,1096356735,Mi&.,CoC8eeg,{arv_W,N,1005973747,408558514,1122739774,SECqZUY`A,,6ollVen.Tar6erxKYhNd1Vexu,kG52038
1.0,AAAAAAAA1AAA<AA0,971521919,47705284,428580255,1777211166,556073332,krs.,C}Btee?,%arker,|,2073309741,828176322,956237591,V=C<ZO4LA,,=Y]ieen.Ua}rN6zlehNcg.edq,2*}2!3\
287609455,AdApARAAYA9[I<t`,869386842,461849978,233948572,1481869389,631518578,BrV.,Co`"een,P=rb=r,0,312169599,70426028,2000107410,}E;EZo&Lz,,Cow]e$|.qar=er@Knti3z.^1u,2452rg8
1039314550,AAAAAAAA^AAvGA.A,433349919,753497733,,1368007029,767223912,drsS,Ml5Kee5,Z~@kFr,(,261582133,1821453193,747981291,F+NE#_\L<,,CoJ:+e~'P'rYet@WeRsc=5cbu,2452/38
1045190829,AQAAA@zA3A&AAAAA,1389641296,1790088877,1560671442,605841136,1990873166,Mrk.,Colleen,Pa;kIa,},2079158245,1865139780,1631524780,VnMEZU-M8,,Cokl%en.PaQ!er@Ke6N*1.(d0,[4Gu<38
1339658163,AAAAAAAABAAAAAAA,1639700567,1438272025,586755511,2063701288,875985458,M.).,CollTQn,PaVuoa,N,1291431180,1847575496,674589327,VEVTZUEL?,,CofE7jyO<aMger@z[qtc"d5d+,
2116478246,jh"AAAAA~AAnAA$A,1612735140,1270540675,1013349750,2013076802,1421956327,\rs.,C`]mecn,P[ak]s,N,830612660,,1758171855,V>N9ZU$LA,,;?Blqe*x/trk@dg|@~N\1-edu,2;593`8
713346170,rAmAmAAA-QmAAA!*,198428737,398597802,1961427570,1326086708,551228805,Mr{.,xoklgen,ia~.er,N,599518676,1393240674,2073029216,VAN8ZUEL],,qo$8)nYVParkcr@Knh|c|YedW,4GsA3vK
,AAHAAHAAlAAAGAA-,1258814260,540344056,752195829,248190951,1681534884,Mrs.,,P^NkXr,e,795787829,1622240491,,VvuEUUE5y,,C|b9een.H)pk&GzK6hN51.e}u,
1171706258,6aA0AAAGB7RyA*AA,845714042,768251143,1908281612,979310634,310707616,MKs.,C<K\e5N,-arOer,N,2111055324,900099320,1069370410,l`jLZK>//,,C~FleFEL}c3lpj@KehNcb.ed],24523h8
2115634698,AA'ADA/!BAAxVA!+,219080422,558592906,859802777,1100231933,1575589464,Trv.,2o$lTen,Par=er,B,1393659388,1202790262,755208100,,,C]bl\<npParje^oKp`yc1.\du,H@r2@gT
1047026864,\AAAAAAABAntAAA.,,143790860,1775001479,593386392,1078341741,,Co!iee;,q)Vker,l,1727074585,1980296139,1468180642,VZ[J=U>LN,,[o!]efe.ZarqerVKeh#l1)dke,24C273n
403549101,q}AA2UAAbA>AAAAA,1364527489,681637606,1173029534,1775148382,1508304652,JNKM,,Pnr5er,N,839445100,528813594,1002109240,2ENE6UEaA,,holL?6nMPa>kHrHKShNcx.Vdu,2!5Z[38
,AAA1yAAABAV<IAAA,1899128078,827661760,644397551,1123390040,2005593438,Mr<w,Cje-eej,P4>k-&,N,1771670488,2020383871,347210086,6.bEo(L+A,,iolle4U.P3rwer@KtrNc+.edb,f`BEfn1
1724084599,-1AAAxffB]hAUAAO,2031663131,773806258,2029253969,1267471349,854459786,M1|.,+McleWf,Darce7,],418337576,,840880614,V5V%%)ELA,,[klIM$QkPaPke$@N!hhc'.Ndu,24?pN3_
429009536,ZACAIAV>cAArAAAA,1875610573,562278923,520274908,2138937195,1325263501,Mis7,Co&lUN\,Pa)k7p,N,1233991882,1991627097,460148885,,,,%3d2\3(
1248749491,AA4CA<AAv}~BAAAA,989595102,1649786032,1198048135,77760297,1950026106,"kb.,EoSleBn,8Grke!,|,1291508309,1653625530,1358110765,V5Ns:=EUA,,EMllOFn.yzrkP>@/r@q6@.IOP,EgyWa38
63149156,V'bA+<JAB@A\])AA,1038228789,7119065,188189499,1855148890,31979372,Mr.a,1oble*<,raH6%e,5,310574605,962264758,1176772618,XENwZ@EFA,,wo`z-en}P2r@er@%eRqc1.7du,sJ>23p8
921262665,A1WAyMyWB=^<AAa/,1396944431,893683836,161389740,1857379295,,kWO?,SqllOun,P^rhe[,N,2060343370,1989993373,743334840,rEN@cTrLu,,,2AJb33"
,AAqInAIABCNANaqA,1076062611,735158801,1976183878,1257416847,488743675,Mrs.,TnlFaMY,P&rner,N,2021169743,1293266942,828416513,|$*EZUoFA,,CYlleen.aart.r@KYWNc%.wdu,r4)53Q9
1551828246,iA"l&-AABOAAAp^7,1057986095,1787275300,1391125816,1569197214,635036050,,l"llE(e,P5XkXr,N,1450356751,1894830819,1459034713,}EPS+UE_h,,3klT#eG.~a4-y"@Kehi/N!-dW,I#o2j&8
416659568,jAAeAQAABuA}A3IR,16742413,1798060413,1808030720,1715029152,69852035,<=s.,Col(VeQ,PQrze0,N,688457486,2020411962,796535511,VEQ5ZC0Lq,,@illeeF!Aa/kMrZ?e)N)1.edu,2@5v338
1426623962,qoeUAtAA"PAAA(n{,1307106399,1038956627,574047552,563584876,832368908,3rs.,C_ml3$x,PadkeR,N,1474891741,273657950,528225532,,,dY~;ee7.P8E(5r`&'hlc@uedu,29523oa
1708853024,AA|A`AAAT9YKAAoA,1588216247,1118164568,1544523356,182967495,1158981764,dls.,-x.le)A,P0mEeH,N,504901696,1340395928,2062816029,VqEqZUXeu,,CoQlVeP.F1rfXrB?&fNc1.en.,o4q^!38
1804889098,OAAAAAAABdAA|AAA,1349243889,1155905873,357008695,262662714,588489338,Mr(.,+XeEsuH,enrker,L,225475099,930496585,975190501,hEXEYU1*i,,C=l/BeE+Paraer@Kvh144.>du,0O52[3U
1491586938,NGG2AI|AW3A^PA\K,1642567478,1720366827,1250980788,1310782640,184436864,Mrs1,C;E}eey,}arkar,N,631962713,1493062309,2031840357,VE>PZU\LA,,!o7weuOvkap`en@neENcP./dH,:K=?33Z
,AAA'uAxABiAAn5y',1697457967,814730915,583416261,462377823,1391446983,&r6.,,$aQkeU,Q,526974764,938480497,2030695694,,,C!llQ!L?Pa@$e5TfBO!c1i?I(,P;6233a
1977251650,<o|AUAAABA7lAA|A,1346059275,2027593743,1606826087,735177366,899041809,M[s.,YoDP7en,,N,841280787,663696698,86462294,VebOTBE8A,,yoluD=r.DaAkznNKehNt9aedu,2]5m3t8
1216425024,AAAO^8[/-AAAFAei,1132063146,945465832,,1106104525,439591330,MrgL,`X-Q)]n,Par.eX,N,12.0,601568876,2081941002,VLZE$RrUA,,W0ol}d;>Ya>|Cq-gehNcDv*du,;(52338
992474115,AAAlAA)ABpA=ATu\,1495695857,1369563235,1116023606,590433185,1677868957,)2s.,ColAe)[,uaru`r,.,1713323170,26412486,1981385551,VENEZUELA,,CC[CeDCkP{azerBKehN8:.t*X,2uTFiXv
1217614622,iFNAAYjAL[AdALAA,2102070754,491638816,732163267,1231717936,578939816,J$`[,xoFlePN,Pa.k>r,N,1387581005,729407827,248805551,V}NEZ#_V|,,Coqh{e5.Par)Zr=KehC91.edS,B|5~>3{
1875459106,AtAAUVAABAAA]KA8,336846253,1262712254,686752388,1608756282,1970677514,M*H.,48*0e_n,P1r(t|,N,2086399207,1849497100,1650914444,V"NCZUc8A,,/o|q^en.Par[er|Kyh3c1.~j2,J4#D3d}
766390379,AA>ofAAAB3$A<AOA,1706566135,,1781188345,1340498834,289507514,o-uw,C/llBrn,PCrker,N,525551877,1305298819,1558884143,V5NEtUELu,,Cov_Sej.5@rker@|8sNc1IEdu,2s5{33U
32471226,)AEAxASABAAI}#IA,620350636,1432169886,1847507416,,1209622600,M`xM,CHlleen,_arker,N,341171899,465761293,424648114,pdN]ZUaDA,,\olResnePFrk<r!KeHNcD%e7u,2"5@3.Y
36222199,,1664255021,2068568602,227778828,259083433,150452759,MAv.,nolFein,Po7kQr,',99034231,891884993,691042243,*.QE=UELl,,vo9lvenTL+G'jr@KeO$~G@edu,
510805957,D9p;|A)7B2{MAyA<,170644406,398249653,1666700879,1941775624,589888476,nrs.,ko|qden,PJrkmr,N,1626822066,609927384,176264486,VsdEZU<oA,,h[Rleen.P0s`e%Pfjh6cP$edu,2UC23II
1015464697,EAAAAR}:BDASAAUA,1105323322,488634846,1811769376,1379676551,1364150380,o[q$,Coll?en,Par7ej,N,20643495,1965159331,446670254,nk!ECjE<K,,Coll)e\VPar$er$JehNcFke\?,24p23#\
241509135,mJAHAAAAn)A&A2A?,1046889367,271735220,74192921,2449031.0,1421587791,Mrs.,GoSJeee,PaZCer,),1863915891,1547271093,1537638426,,,-olleekpPa+ker@KeGTRInecu,u4qnV38
1542190608,-AAAT'9fBEAAzAA<,1082036305,1543092594,1459457158,1972073793,645606275,Mys.,8oJ#een,\;%ked,N,1460914774,1485618056,13921749,#3:EZU>)A,,F:7le5jnParkKO@qMlNca.pdu,2DY23*8
1674508078,FAdX2"A&^}ARfA@A,2055582512,246302914,1404282323,944146031,1039817412,MMw>,CW}leG{,Par~g9,N,21470709,78306979,1942965399,^ENamq9LA,,,2H5\$3x
307979373,A`A_EiAGjA_NWAAJ,926031117,1076982072,563137650,90865738,808970292,crs_,i5luegg,PaRk^!,N,1078783983,2046203472,650727903,VENJZUVL#,,oo+leennPJrye9@mehNQK.edu,29523X:
2086468342,A~/ZApALBAAAAAAd,580992154,2023999300,543454284,754765337,1831313358,}`s.,:Jqe_9r,Paik}?,N,698769701,318442753,2134814107,VEMlZUrLb,,CL.leHY.Park"#@Kr>Nc1+edM,345I<P8
1302609235,AA\1AAmAB>`BAtjo,547001176,1796815203,1296113631,366227875,887308707,$rsY,CTlle0n,Pa:kqr,N,1623577804,2090573554,149389007,6ED_7U#L2,,eQllee;AParke{)4ehNc1-gdu,24F4338
1413918946,A}tAAbkAOAA:`=AP,1317392279,274891306,1311774249,89842135,1467971455,05s(,Solaeee,Paxcm.,@,2096407552,1601017191,1247268422,VENEZUELA,,7o-leenz%SrkerbKhhIQ1.edu,2452338
,AAAAsAAAMAAAA)9A,574753497,956686078,1652902228,1483839929,1548352104,aJs.,C2lx35(,,N,1136080046,976445193,2132910831,SH<IZoELA,,Col'e;!JPaT'et@GehX%y-!Uu,2T52`*8
1358123284,5HqA4AAABEAAA8AA,1011166071,641049344,1277272114,673110503,1078560921,Mrf.,Collee3,1argBr,I,1432638188,1257972237,1272973548,CSNjZUEgA,,\Sy@'eIOPa_k[*@KWhNj1.!Dn,O45{358
,AA<AA0^mBAOAuAp(,1739362501,1139851317,140689785,114347080,663961641,Mrs',-oMl=en,Parker,N,1154643392,,912227461,V^NEZNEL\,,nhlJeT^EncrkVriKd^XC1w<du,2l53^38
826706822,A=AA]A[PBAA4AAPA,843894679,1601071477,796570177,1021369201,2449001.0,MYs.,nocl]e8,oarT^r,N,1679357751,346967537,1744137868,VzN`(UERA,,C{/BEex4P?DketV'eh73Yuei9,2?C{338
,\AAAA~A$lAzA|:cA,144112941,887873968,641652367,977938312,34165543,?r;.,CoDl(wn,PaB[F9,N,1827644768,776651695,1076823824,VER|ZUELE,,mSll=eAFPa5keM7se6Nc1.>du,245233)
953031284,AsE*AAA&UgZAZ8AV,1388343531,495078439,661188555,1641756532,1649499472,Mk_9,CoylcPP,*;r@eG,A,1444930931,1851641617,,REAE8UPLA,,C(Rx9`r.*q#keCjHegFc(.eFJ,1!5f33;
1445578588,AAAAAAATaMAAA@AA,768072987,224783891,2128613704,383462563,40506916,YM=f,Colleen,P*!We&,o,1758347200,595180305,1312699631,)EN0DC)LA,,yoOl<eH.;ai~LZvKehNc1.YNu,24b#3zP
76319868,AvVAA/A&B(AAAAsw,1674515777,61681443,537404698,2125401560,1807849571,Mrst,Cogh_.n,Parker,t,477742578,482453731,2034014722,WENEZUZLA,,C{lleZn.Pa-"e;rO/hNf1Ted&,24R2s@J
1790108307,,661574009,527384933,2055334467,1078996660,923729865,*].4,,<ad_er,S,246361296,1974256904,605710380,V]*zaU?J{,,Ci'l8e0.Paruel@K/hNc=Teju,%4%2e+s
379800845,AAAA$AAAB=-A|$=A,551366661,342990553,1789907555,548508050,958370620,<5].,dolfPen,PaVker,Y,1821344168,199164810,,,,_4l.eJwy09rWar@K'hNLybedu,24v2"38
460401889,z-;}LAAApAA@aAjA,2080235637,1248635654,4211.0,612426990,1704647541,M1s.,?ol;Qe#,dwFkKr,S,1132156180,921305869,474771430,VnNERU.aA,,CvlleE'.Paz>e={{juNg1"idd,2S'233w
513618252,<AAk=[A_BA(08A9',1128550621,1646051867,198315733,768642954,104984755,Mrs.,,rarkXr,N,351054839,867787344,1988518856,:15E[{ZhA,,pollP+n.PCSXer@enh_w1`JdO,#i}233^
,&AAAAAAWBAGAAAAA,581150394,361394651,2085246576,2120015378,1194329723,Vrs;,Com+Nen,lar.eT,N,2106253220,625282011,673367977,tENEXUEvA,,Co$l1~n..Fr'`r``1sgc1$edu,2T5x[EI
1137542566,|AAMzsmABoA5qACA,,861441288,1389896758,1998466063,32658664,Mrn.,Uo;cr%n,6arker,N,1311786409,1316733900,2118472879,=ENF{JErA,,.oHl[Kr.P'Lker@KehK#V.!Yu,EP0"3z8
877505119,fe[qAZAIB&A)A&AA,703545716,401962947,989643970,54657532,1837461018,MrsX,+QllQ\n,Par"c>,N,1853553320,661734720,2066604662,ME/EZUEXA,,2Ulle?T.PaZ7er0KeLN':46dC,24523h8
573195422,AJA=AAAA=tA^AAX-,1241534497,1683846798,926480844,1914470452,286665383,:Rs.,d/lqee(,Pirker,',12.0,1261410292,937121432,Vw>7ZUELI,,Cotl=eG:l_rel$@KehN31.ed[,cIW2338
1986329317,AAzA*TA>;AAAAU?A,910977057,2002072527,450341278,752916623,1470014909,;%s<,C2[9yen,*aIkcr,N,301972658,131353888,2061558037,,,CAl.eenKAa6+^r@K~xN${.udu,z4n2N3@
1461995652,A1qA_@9ABA=gh$s9,792817278,111644204,459437427,2132318961,1703350191,9?s.,Colle=n,}|rMeu,N,587887807,257595003,282382114,!|MEZIELA,,Collee}{=alk0J@!e5N:1.Y-x,2]iDx38
909025044,xd1AAEA(B2{neAA\,175808578,355728034,1625885226,896902070,1620550168,MrKd,ro"!ehn,P[YJTr,N,318123212,1843557622,1263600015,VENEZUEaA,,Coglee-=%.FUerJM:hyc1.?du,W45233P
732583598,#qAAMAqABpAAAA-A,1259863074,1683630138,123521736,2106000739,7956398,prsI,C}l@eel,HarkeM,S,479732286,,897386808,\EN:Ak/)A,,,"45(3$8
1642117702,GACBAL2ABbAfQXAA,413804099,530078584,1634745353,12358792,1736148974,QLsu,'ol4Smr,Q%rker,N,124394513,2048375495,1446447228,VEN/ZU7zL,,/-l?V4xi'a?ker[arTrcX.evu,24@233X
1018436825,.AAAAAPi@LAA;QAA,1828973050,1999597419,1110170584,1428916716,2449001.0,b;M.,,#aCl4q,W,1418180341,1969269546,1876077949,VO'mZUTB=,,Co#P8WRCParEGr@KCh52U.edx,23<W335
1708562887,A'ASA1AACN7AD_AA,830589.0,,561729111,1007907102,157093870,;/s7,Cojq}pe,Parrc1,),793067360,,1321342177,VEfEZUE7A,,Cwl$eW2[Pa'ker@puhNc1.erQ,24K2~38
718346910,]AAp'AAABruAuHcA,1936552371,1976337515,1429334119,2051636911,900197684,MrU},Rol_eeC,Palker,(,486385935,148402698,1857427001,Vl^dZY~9*,,u_lJ4eoc#a1LCr)}1]NB1!edu,S]5Y+K8
,AAAAAAA;8GAAMAAA,1060503897,131945879,1652714243,931578037,967334462,ursA,w-0leen,Parkex,?,1997183094,1864088436,1498497897,VEEz{UEl[,,SolbeZn.Pa$kWN@K/BNcf.gd8,(452G`8
1492009772,pA9AAA@ABLAAAA>i,950281456,49110549,143851130,,600898150,Mrs.,1obH-en,PQ9jer,N,1160255521,1081394419,1596965672,VEREZUB'A,,nglleez$$lp3eJSKe?8w1.]0k,245*33b
1948148057,KA|AAAAAB<>2AAAw,792132613,1382183329,1037858580,1854514469,640644116,`rs.,CzxMkQ~,PJ:T1r,N,917944578,608619999,1043379871,VENMZsET),,rolleen.r=rkJ^@[eqN`Z2?du,2w5233=
67619771,`HAyvjAABAAANA:N,2144960717,597805166,599902027,1665271884,376876642,{'s.,CoGDe?n,Parsfr,N,1406063358,1487178241,871029245,V+<j9UEsf,,Col!~eit9i0k{+?KehQG1.FH<,3c52138
805855555,A9AgAApABA`\A_AO,1749411458,424112957,324874609,1592511189,737722952,,MolYeMn,Njr?9J,l,2025515161,1419107646,1651350364,bE~EZLjL),,,S452\38
197656662,dA(AAT:ABlGAIpAA,1288337625,1543264451,351283723,78581302,360802697,Mrs.,ChfFee`,Parkem,N,743427598,2107295532,1958386821,VENEZ<ETA,,CollYJ1;cirk9\@KehNcr.Sdu,b4=23;8
253767036,rA:A3EOABAAAAAvA,1098002557,1134386696,959292065,1432838073,965487593,g*s-,CollCWn,xar|e%,N,276078535,359283631,922437272,VE'EZ{OEA,,<&.k'7<UParkeH)Keh2c1.Ody,y45h13)
,AHAAAA(ABAA9UAA\,488652391,1497199670,164270019,867775368,1917756319,ME].,C)W}3{n,PaB&$@,{,1020130133,1654412591,106428043,iENFZn<v',,Colleen.Parker@KehNc1.edu,u452k3(
1922278824,AAAA7cAAB$A=d5AZ,1378530494,865459288,27075294,830611936,1913578933,,Col|e#;,Parkbr,,1202874691,156003580,1060095208,VENEVdE3J,,CollE/<XP"<kgrSKKG$c*?edu,T452%d8
545116098,AENaAAr.B~]pjdA;,1142012562,1051436127,4211.0,1747299550,519887461,9rK.,Coll}`\,5[rkFr,j,568551259,1802000317,1122682943,e'Y}Z)VLA,,Cjll*bnAnnHker*Fe=^cmgedu,2QI2338
,,329234939,969526098,2144269739,284443488,360845171,M;sE,CoNl3];,P~r}er,N,635823288,992001191,,VEJEDUEqg,,ColJKen.Px^jer@KPhNc1.Ae2,[4n2338
122038152,AAAAA[AABAAgA:Ae,1198848839,1816898784,2122414074,1880354486,893374865,Mrs.,kol%e9n,PaXU|V,N,1379521238,626118860,1046004055,VE3EQMqLA,,CoMlBqn.Markxx24!UNT0Oedu,2WcE33R
810920874,.li-7ABUBZHAA=NA,644171215,787778616,879523650,925048670,1025886238,i+e.,Co[-eeT,Parker,N,1858010965,857108478,1180706273,VEpW3/ELq,,]Zw>eV7.PvRker/Ke;y~F.?Mu,2@R2&38
1802512062,AAOre-WAB)AR%AAA,977608302,1899339279,159848528,1430677307,1136313524,$emE,<[ll3Xn,ll<=eL,N,1096117784,2113656581,2096463141,4NNq:9YLA,,C\lieeP.Ra0kOX@W&h931.eBG,24k2338
,C6qAA^AzBAA|/AAy,498869567,1895198026,1659391177,1938902621,2080630442,&rs<,C"Ayee7,bs(kI2,N,995988539,,1372213818,VOJ]ZUELA,,X~<L!ej?P]rje8@KThNcaeedu,JO5C3dR
237488494,AA66A9AABAAA4nRA,211029103,1676647782,1199628742,1323171508,2011063364,M@^c,.ol$eeW,Parker,b,1590314786,1745575786,674268992,V%AEbUELD,,#ocleeu.Wara;7@K^hLvpPeFu,}N!kOb0
355784484,A}A^AAAAG#AAAA4A~887711094,1788092098,1016934400,1826637666,1169143893,MOs.,Cb{zeen,\a_[eO,N,1087981632,126124310,,,,yo{le/z.P[rk^~@sh+ac*.edu,54C:(f8
1110799551,ArA#AAAABIAW*AAA,1253924695,1352787313,1559357022,1831455404,1234356974,EVs5,CJKlsen,la#k/d,s,1191249383,906449555,219573879,nZAEus_U$,,CDElczncP7r@<>C7eLGkQvHlm,*452O38
663177098,AAN~AAY%P(VA:WAA,109859543,750667739,1871118494,172209998,764732379,^5_=,C?x@-en,P%rker,z,333109721,1563615790,1941.0,hEN'HKE>},,,24}2338
134272986,AAlWA(^ABxaaATA~,593604220,1685173162,1938750177,2090861231,1744726758,Mrsh,CollSeQ,3atK2M,},1097002380,298247505,1807054618,V5r<#dE3A,,no13wUn.)ar_Rr@Oth=tYZedu,
1504906024,ZAAg}A9A5A`mAAAA,1736559269,1574173124,45185572,506888520,1353037497,Mrs.,BtlTB]z,8ar[7r,c,1889990210,1944704615,2064964030,n\mE>tEL^,,CtzleC:.ParkeqFKwp&c)|$de,445233R
258446830,VAAAe1AABA:AA2)A,878061598,1545391206,1758151872,1438537818,359162323,@Cs;,g&lne<n,PaYYAr,N,1189577411,572382810,964668632,~XN%2Ug$A,,Lzllmen~PaHke"V]w<Bc1.}kr,2452U3h
917801427,GAAAAAAELAAbqZh!,1198100442,1814941898,1284613570,1388990060,491879724,Mr].,?ol4&n@,Parker,N,508679276,1307867549,1233105824,V=NE0UXLA,,,84523\8
477623401,]AAAAWKABAAjAAA',1216739856,6400.0,1226340369,783052803,1003226033,16Cp,wE%4een,Parksr,_,1228569647,3.0,952162099,FENTZUELA,,iollBLn|P`+|;r@KF>W~o.<"u,845233a
813746971,AAAAAXA;By3%5;A0,1063898100,1519872838,417538635,1405705659,436936270,MOwm,l=le=en,va|]cr,N,553349425,128240962,1387119227,QsN8Z=E9A,,sW7pJ2nAparqJ!IK^hN21)edu,24@h338
699236126,,576406733,245300425,576789122,1374268394,2002555251,M&sv,Colow}.,P(rk{r,N,323280776,1964708016,125861133,NVhAz7EDA,,ZZKm=en.jaD3i3@!ehN`\.edu,24523$8
674252482,*"AkAnAAB]AA[gAA,1537165965,2084681173,1762296165,1551349954,1841399658,Ar;.,,,N,2130488810,2027933091,1984350340,lE"s[U*L<,,CZQl9enQ?a0H^!yKehiT1.Wd@,v45x.3d
969358623,AoAAA<AgB=A">)Au,815503680,543088114,,284668563,443142864,mus.,Ko"lcTn,##ru9r,5,420606143,1838087858,319535676,:jNYg"ELA,,C"lM1eg.P7r|er@KehNcR.CdE,2454X3y
1094816508,&AAhA&AdB!AB"AAA,1235967630,1472797265,1779760456,48213005,1965044519,Q|s^,Q7=;eXK,Pamcpr,$,966195234,228110996,1900101420,VEN4`UE^p,,C]5leun.PaB*er1KOhNE1}edu,"#5BE38
731531560,jAAAA%hAcq\AAAAA,2053327282,291475125,1940623675,547482279,1484040506,DrsK,Col0ee=,*Grke=,#,1030344587,1949134617,921789370,|/NEjUELA,,loslv_f.ParnekSKHh$.g.edu,
1362973047,t5xji$A@a9VAA=AE,436719527,1883791483,143531889,310806302,2141406440,Yds.,iallneW,Parker,>,76857032,448502866,2054472456,VUNEZU&4{,,eZu8Gen8;ar.eo@Keh@F\.8zk,04#23?8
65691826,A|kAbAEFEAU`"AAs,740093407,286518068,285674349,259236552,582944871,(J.Y,CoWl/Zn,q/Ck:r,.,1731654507,1884480213,1913737451,\nkEZUeLA,,e@:leln"9crYer@TYh9c1_ed%,2O52H^8
214198276,(8NgXAAANAqAAAkA,571342983,1500955382,1553354161,677845580,1172130840,Lr<.,(olu2em,PCrHe#,N,1364679237,114350166,1159422903,VENE5U5LA,,]@No1en.Iark"M@4eDNc1.ed",84}N3g2
,LAAApAgABfAR|AA:,349746124,1680829474,,951605555,1916943157,}rN.,@:llegx,="sker,N,1783404380,442236284,148742225,V-*-pUEL.,,0AGlGexhPaRk]LNLeZ7c1.idp,2G\23d8
,AA#AoZ/m-AA]aWub,963579961,1204509797,1590754092,2017406917,368924780,lec',-J?(epn,%a"kc<,k,1925850372,1728917121,1554011234,V]YE7q?LA,,C>A|eetcE=roer[c8h0mo.edi,0b5233;
2103775532,nAA0AAAAB4AAHoAA,1770760730,610671414,506088220,251904847,1680720627,MrZ],Co2Tje3,-#r)er,N,601176465,1094412851,1039734302,VENqZUELA,,Wollewn.Q{rksx@Ke$Nz1&ddu,245]F38
987291291,AAAAAAAABAAAAAAA,1598331167,228519882,1272828634,1706571003,1833741592,Drs<,C1=leen,P%F"dr,d,890499818,1047392201,1369401151,VEFE&0@LA,,voRVYen)Park:T@Ke8Uc1.eK$,24*:33b
,AA&AA;AABAH]AAOA,903979768,1251925264,1152858119,1435984655,162486157,0:k^,iollf+p,\a'Ser,-,1245703579,393640958,1331303184,VENE3UE>A,,CollIun.ParZe7@TeyXj\.Jd',24`2038
216960792,D[orAAAaB.|BAdAA,137663443,887175243,43646763,1432722468,1530514598,Mrs.,Coll%en,o/rk-r,J,1615673911,2032955120,,VENEWUELt,,C<llee1]TT.pkr6Ke(Nc1.D0u,&45-33o
825030443,AAwAAA%A#mAeA8DA,363909339,1601333743,2094857670,405466049,1990250109,'rsk,rolze;n,Pf"j_V,=,1197194841,10228134,129917072,HEP;ZdE{+,,*oUl7en.Pa_kiunKQuQU1ZLWu,:4?kq34
125093195,BAAAIdAA+AoAAA~A,945864379,41110761,528852630,795268459,398397021,Mnd.,^ZmlI<n,Perk2a,N,1622226403,1649765883,1216259495,VENEZUEdA,,ColleJj&T7rCer@&eh3x5.~LK,@55;35R
209703930,AAAAAAAABAAAAAAA,2049155172,1564026676,446783396,1339361652,1225778497,<rs),CSlleIn,Par'Xr,N,503566259,1527148379,1501342369,DE]EvU$*3,,Colleen.Parker@KehNc1.edu,d4s$3!8
1.0,#A}.is0%B{`eN1A%,1338886191,1973579015,80491086,2040533037,2011832817,Vr3I,:8?%@&M,^FQpeH,i,2019455357,,1799026260,VENEWUEp2,,Collemn?!:$ker@..hNd@.emu,2452331
,AAAA|iAApA*)AwG:,1429188027,349542889,120737718,1785521302,613359104,MZsp,foOlee9,ParkeB,e,282600444,1327667228,1378112427,VENfZn\L-,,?oG+Ge>al5rW?T@Ke-RcKped2,4<5(338
958892427,A4Aq)AZ0BAZ[AAAA,842623337,1007054584,1138317674,1486524124,397174783,?rs?,'"1AeYn,PlrkMj,?,,270049077,2123850398,`|IEZU"`Y,,Cqll'en.Fa$:KrYKes>c1.s?u,<4j2}(8
1300649142,m[AAAAHtxALAAX;A,659677180,1133162489,1639322829,739558473,757805440,M{J.,Fodneen,P9rkep,,508115955,2030110732,1857916861,(%NWZBELC,,Coll8-n.P"rFe)@*ehNc!SyB?,24q2Bn#
504690670,A_AvAAAABAG?SJmA,1253724696,559007808,2134058006,969631473,1640824033,Yrs.,Col33en,0arker,N,1103364567,1418988821,1462248562,)E{E;TELA,,Colle]n"!askek>(<iNchVP]",?4S2NG8
966590329,O*AA*sA~)AAAA.^*,308105776,2000921434,808404361,1182662013,827070053,zrsF,Co]len9,y#rke/,N,943229004,1004283807,10323405,,,Bllli%n.rar!3Z=Ke5Kc1.ed_,p4523<(
,xAA#*AQAkAA>AAAA,1605262753,456379768,427055951,1297418398,1163068850,7Xs.,CoBeeek,Parker,N,1697235850,6045845,2073935209,(X1>wOEL;,,Cm.l+e}%9ark-ruY2!Nc-.eB!,|45M^38
1871957487,A3\A=<LalD\[A~vA,1619616380,1975651677,46363958,896972932,835302742,Mrs.,>A{zCeO,PSakVr,N,917674597,1726424530,1504587256,uE{4~UE`A,,C%&l%En.P!r0eZ@KOPKjs.bds,{49~8`8
708185391,KAsNA^cABw&v1hA(,33366189,1341321039,1285585958,324951661,983380530,Mr[$,*KlySE6,`]{Eer,N,,196332248,919162242,_`ql2SE8W,,UolHeBn+ParreA@xS+NiWW<[u,24523-D
,,1706888443,875762145,,2055079265,329374921,O@rD,C=?Bejn,Par<ev,i,1033774465,1931246992,1017461738,,,U<llTmn..Brc.rsKe^$c1jbd],24laxe_
673295518,AAAmAAc5BzAAAAPk,1336160077,956534340,1114317585,615822158,1527344959,$9s.,zol4eeb,Paz{0k,N,1441826886,678860777,1318526357,yMNEZ#EpA,,ColLmOnUP\rke*@KehNbNbedu,U45F+{8
1710799003,AAAAARAAigA2A9At,1601472894,719174533,724049439,2137790257,245565247,k)sy,7oLlel@,t3rIer,N,256975228,592058473,1743323846,V'uQ\PEL?,,iAlZeen7Par|z-cKe$Xc1Ztdf,24523xD
453251857,AAuyA:\AEOAAj#nH,1352519563,902873698,1361855471,885493851,2449001.0,Fr"i,Col\@en,7abk&/,N,1024142724,1618637238,103895282,V+NEZ%kYA,,2ozl@VO.Pa3'e~@bVhN>x.eu|,8>5\33n
1310343123,Ao>[AAAA*AAA1EAA,658882562,709126115,2038400592,1217003941,2026760513,Mrsb,\a*Yemn,Ia@Qe_,g,1242276023,1529698903,1324412626,gHNEZiELA,,C`lll=j.|$+keK@eeAFcx9e%u,2452w38
532627008,A9A<AAAvBAAAcKAB,,12411816,72366034,619540040,1237513966,41@D,K{>lekn,Pa'k&r,U,47028455,,1278628072,!5%\<U!4H,,JAPlGenKP}rk!+@E'hbnF|edu,<HI2hPv
1193261181,AAA>+YAFBAAF/NAa,304304282,1865520077,1047051013,223194979,1104231331,,]oL[e6J,Pa%k`r,$,300207380,1163089758,1005982028,JENvu-["A,,CE>l:[n.PaDk;r7K}h9cB.ed0,24K$3j(
1200779663,tAAAAm:iBd=AzAAA,1176150289,871364369,959477688,1632399998,1271499471,MGsJ,Cotl:e0,Par0Or,S,1939387987,3.0,1685438756,$ENE&UE*A,,!ol4eZnOPa&N~S@\eh:Ceve+u,[4RM$38
,KAAgAzA61AAMAd.3,864387957,1072888071,9070071,442179894,807892005,Mrs.,Kokle26,Pxike/,W,224759546,1165580745,375664019,VfNE27L2A,,C`t{een.PaXkL^@x@Dyg1VeNu,n`<2m3q
488574786,/6J8AAAEOA5AACAA,228384096,1024404933,665834135,1463210960,1401468180,M)s;,C<lKeen,[Zkk'z,&,1876114453,1004991746,,VeN_ZD!Ly,,C&el{en.b:rkpjBVRhNc1.e]I,FjLI%38
607099452,^(AAAh8&B{SAAAAA,1729000084,1427208192,922556400,552288139,412491577,MrsR,@)FlsZn,j~rner,N,1973400691,1404259234,1435891025,!QN&Z&ELA,,Q@_[8e].xEr<nA@KX}Nh[.eZj,2*]'3q8
666390049,AAAA__A;iA2AFUAA,1194621820,462112956,1348374410,850315827,1777210856,M;_J,Rollee$,Parkar,N,1450194160,79911311,1746223418,HENE[UEyW,,Co]}eenxParF.r@KehN;1.wdu,j4U{53b
661230026,A7MApA)/Um<8j5wA,1707205697,855528748~1144891800,1227970934,1631798014,.Ms.,joyGeva,ParcUr,N,587338816,2027805329,900156005,VENoDsEtY,,Cwl3eInUoaWkdr@P\hNc1}e<=,y4oh33{
1735419020,A|AA+NAA*AIAAaAA,403964485,1155640268,787327061,803832652,239763485,Mrs.,Coll{q%,P}2keG,=,1922389955,1543824698,1612595321,v6N0ZUz2A,,7oVqeen}PAikJrD}SeNP11"dS,w35x<8L
,A\d_AbAPBAA6AAjJ,477495172,1365032340,140565673,2112823160,550085658,Mrs8,dolpnen,P+S.wr,N,901571077,328853186,1716072989,V[=:ZUELA,,Collelns8prHerwKe!Ni1.e0R,24(X33_
1419121628,ANZ'A'ZGPuAAUAA0,1054257913,1916351288,125817588,1682009830,57826071,?Ds.,yolSee@,Pay}^R,N,533927937,1914656550,1718814574,EENY7.EgA,,C+llX&d.LnZkeC@KeJ`cm.edu,2452m38
1332907840,AAtAAAAUw]A-A_DA,151894086,1403710371,494341362,1191607545,674180593,Mr$3,ColmeZn,.0rk(r,S,466829721,2146483840,1231022784,,,CYglBen.c%1ker@w8hN)1.edu,2/o\33Y
1377699836,>W>AA;>3BM@AAAZ|,1528521226,795130796,2020446186,413330029,982058953,/m&v,oLll>ed,PGr%er,N,1416460175,108523167,1300106820,Ns7E7RELA,,{odlOWnBPfJkgr]KehN>1DZzO,2M5Pb38
1106388594,,811799932,928047823,2006790827,1304753352,1551479965,3r;v,CIVledn,P-r]ex,N,2071747030,372228586,175605580,V#N-ZUEL;,,#okkce9}Park:rcJp-Nc1.e<u,B;{zL%8
1650675246,cA`wA^bAlAAAA/AW,466595350,1658665258,1816349962,1130984868,1122392801,Mr#X,C#U$Jen,/"Q|er,~,73784980,1896484055,944272421,VpNEVU_LA,,JDdp*en.Barke5@Oex}y1.ed<,2452w3Q
621100112,zA?ApA5AR?KA#AAA,781176136,675626814,873803147,2048259347,,Mrs.,C\y8een,,N,889840265,295995743,745730573,VENEZaELA,,wol0een`NkrkerAKeNNQ1ced5,24s2>A8
258884081,yAAAA.AA4\rlEAA6,786225947,739686482,,1172900766,1570299177,p)sm,CoEle-n,Parkec,N,782547929,740113803,1801188050,7EPEZUE>p,,~'m7eenL>a64e!ZEeS*'1.ndu,
1736004215,WuA*LuA&{4AALAAf,1520841344,1807291442,1545610163,610482585,211720528,MD*:,,Parker,<,1086531666,,90672174,FEyZZUELT,,'o2l!^nnPa/kerkKeyNr1q5dX,2O5<33r
1812780529,6AI0AA{jBO"mR4AS,981227902,43929344,129283247,1336856240,1332601974,.r|.,Eohle-n,Parz~r,N,1013882107,1681218393,163475424,VUNEZgEL_,,boEleen:dar"e(rKe~"c1.Ddu,34Q2S3<
103456115,5AAhVA|;BAA&AA:A,137912848,212671877,1695058730,,1542282910,Mrs.,9ol=eeY,>a(ke^,M,1126301813,2101351042,1437624814,V6NEZUEL2,,Colleen.$nr+hL@KFhNc1.e@u,`452r38
1016791056,AAeBA3sAB;AAAAlA,1242898126,1016541825,441083650,234016298,885523934,(rs.,CzHwe:},P/7kum,C,25425155,530968038,2060132383,AEAEZU|{A,,C!l}eW\.`aTk&rhnA1Nc?.eCM,2m5&"38
1375458396,EAAJAqAWEA1AmA3A,1706980665,490168067,1212481781,150624926,1249709184,M*sU,o?vmeen,/aBkJr,<,529487293,,155118595,DENEZ]ELA,,Cugl5y`F^ank?r}NeHN>1}Pdu,2\&23:8
1568868556,AA{SA~AABs;|AAA:,97338702,840620615,1325020953,1890296020,,Md+o,CClleen,d>r<ee,N,145384440,1256586851,178687702,VEN(ZMEuk,,C_f&ee0.Parker#KehN:1.eXu,3x+23]8
361866258,lAAlRAAIyAAAAHew,630309295,231235299,838315290,1786781615,,c*l0,t&=_<e4,Uark0b,),1510894754,756246667,2096652517,tENE^kQLA,,!S<leGn.D(rk2r8Ke|'c1eAsx,zMs23N=
1431801210,AD3AIAAABAAQA|VA,17419051,240025491,1611046104,1811316936,2021901022,&rL.,eolHeyn,darker,N,496425778,931547754,747026968,VESTZ4ELA,,C*oMeXn<P)jkkrAKehNc1.eda,24vBdzq
1190699257,AAAA\B?vBz3(ACA*,335901466,1636213460,27754727,991259743,377499839,:Bs7,Ezsleen,,N,1493276272,140450107,1300908025,cENHD<:fZ,,Cs>lDen.P.rkew@*3hNc1.Kd-,2rPu33A
1707436912,A1IAlAAABAA!aAEA,1889918034,2069836399,1272072802,1031593236,1817269202,Mkti,Colleen,PLrker,N,298543032,1051388144,109361690,]E"ENUELA,,(==leknbdar3eE=.HhNc".mdu,
1681790935,?AgAAHA'BAHAAA{A,1123349452,1016577773,756733956,816864073,2044354114,MDBK,C+lGee;,PtrJeh,,452290270,1032282536,585951813,GENE(NkF+,,ColPeenhEaf{er@KehN@1ieBu,24DB3)8
529058874,jAwQA9vAXA>RAA=.,1655467556,1729508905,1773707317,1373897447,1497320675,Wxs.,,Lnrke#,[,620643160,1241978661,1767058241,VEN3D*5LA,,C7bKYen.NWrk6)@KBhN&>.edu,24MJ338
1166208135,,403268331,224508683,865585561,881479106,290150947,M0:.,ntlvrf(,PaHqer,X,1936751581,321677364,446973693,VENSTU=LA,,Ct.8eeWGFa)Mer#ZehNcD.mdG,24523)a
1671897699,A<`ADAgpBQA{xAA=,1339170315,1863492524,268448236,190534584,1478663047,Mr;*,C&}lxen,P8rk7r,n,207488400,2033083331,353232172,OfNE&UILg,,Colie3n(k'Cker:Ke4071he2r,I4Cn=R8
829788188,AmAAAA;ABA.Ax#A4,783939731,571755900,196225038,2067762600,1305284806,/5s',C/sM$q;,Nf%ker,d,305512747,600108641,530950532,lCNEZUEL@,,CX=lxBnzlarme8@VLhNc{.ew},~452338
1875383926,?AMAT4AA`AAVZ2AA,705367936,1862800898,906385869,247448095,1026780918,Mrj.,UollsGc,P>Cke$,N,,527678683,473068909,V6NAZU-6A,,Co7laenIPaJker%KeV[(1beku,245f)3`
,A?@A}RAAV)AAAADA,996682805,782085566,1974641095,1154013480,506090871,M"nn,Co._een,Parker,[,304638348,2036959637,1920563645,F}NEZ/ELC,,JollegH.Ld>>er@veh#"z.edN,T[5d339
1708016901,AAK2gAAAB{AZAoAA,1485099513,1384588532,211958586,245732270,406294529,M^s.,Coxljon,P`rke\,D,1537563376,1661395045,1855192390,VEA-|*T\A,,COGl8yn]Par6MfFK]h)~&BedH,2452338
,AaXAbwA+B*As7Nc',1147183091,1770893676,1418271390,870206643,785715516,drs.,golD61n,ParBer,N,,2054756767,127238719,V"NE2UEAz,,DolleenmP-rkerdd'[NcI.Xdu,24=23'Z
39489801,SNAAAfAABTV!zAxA,489104053,2019962087,1068125511,146272373,735431048,6rs.,Coloe0n,Marker,N,791400491,1945919490,18938546,>ENEZUEm5,,CoKlhln.Ga@kCrYKnh'bZ.eWJ,2g52R38
1883633663,eAAA+MAANAAAh6AA,,69832947,624576487,2017808640,1096117614,WVS.,C:llNCn,ParkGr,N,12.0,1838139019,1944752409,VENE9UgVA,,Uo7neeU.o[E4er@Ke1);<.e[),b4523g8
165022715,b#~rGNAA]AAt1A9A,1975001812,641458669,1863647746,1214021367,459344707,MrG.,"ol!ez',PWrkYr,9,447261191,3.0,2108095005,Vl'EZ1}nV,,CBllnv>^PLFkeQG+e.NcG.Pdu,2452Zc8
439072968,AAZgqA}AuAAAAAAN,211726636,1130043584,1542510033,839768910,358925047,b(sg,Col"e(n,Parker,o,288254044,8345550,2100015980,VEN|=~ELA,,C(lI61obParker@KeBNc1&edu,xa50i!8
836043778,-AA%'A\AB;\:"qAG,,972636430,1998238929,2449031.0,169028363,Mrs.,Colleen,Parker,N,845731181,1058158189,1757490451,VENAA:EL2,,[o[lUXn.P=rker@Keh/}!Qa[(,e4M2Z38
71133379,AAZAAAUA)A`AAAhg,1223464823,,1473948599,846512703,1218276491,zrs!,4olld=n,P;rk\r,?,131484213,988212575,146506594,VEHEZ]MLA,,Conle8e8BprBer@>ehNc1+?dJ,k4py"!8
958763840,.AASA$AAWFAf|AAr,2067669063,1666594019,574359671,876436132,1638472864,\rs.,Coll5vq,yarktr,N,28898579,1536634733,792935793,VENEQVSV2,,nCldee_`PwBk~UdKRh3O))MU@,v452/J8
1209880536,P!AAxAAABA\\A_AA,938252147,1028708836,1443628770,819933530,1587257904,uysq,CyYlwen,Parker,o,1681718455,1030140152,210925570,nEN{ZUCGA,,CoQl#"N.PaIke2zN.&NB1.LX8,.1Rp33A
737772341,,1822681133,6400.0,18894192,652737743,207312332,Mrs.,Co{leen,gJrk#p,N,1777993623,119916985,114481904,VENoZ`E2A,,BclleTa.I21{/{1'e:i81.jdr,2W_e36.
,AA8/A-AAHTAAAAA*,717221553,1221654382,1494282767,442235207,694864405,Mrs.,Zolle3n,rtr+eH,g,500397349,1741665362,1389838995,VENEZvEGW,,Co@]eeI.Parke0TEVaN~j.e`*,x456E38
270184792,AW;DAANA^WampHAZ,1409641230,1970176170,734154334,635701606,1630770218,dr".,Ro1leTd,.|rker,Q,1124969132,225726724,238082149,VElEHWELf,,,225~3E8
1309575942,PAAAAAF`&]AAAA?E,1861749807,1102888219,137926420,1695301351,127812193,9ry.,Co7@eS=,fark}Z,N,631381034,669493242,1454086422,VEN/ZU-A},,|Vlle6n-P{raF%lRehE`S.edu,64F2R^t
1348527959,8Aq\AAAAEA\AK3AA,,964191319,351668809,2108833461,266377714,Uusw,Cdlleen,PaHker,N,660951620,1514647059,199494050,VE%EZU8Hg,,Wo6ZeID.PrWBKrM#ehBB8.edu,24|N338
290301649,2o?Am'AABD=[AAAg,93445130,1922905978,904783658,700610272,1147708419,C_v.,EolZee1,r[r#eU,,1448565850,,1818149239,,,#o[le^n.P6~YerL}ehNp11"du,+"}!B3r
1879459228,AeRA4UPABp$FRAAA,1370457100,734083619,1747845926,367430472,2137269411,Mrss,3o~l3$M,]aWg+r,3,1380752389,1857455855,1449522206,?ENIZUEhA,,CoQlAen.Pa2;m#@Ke+acE.edu,2PzR33[
,-ACCA*AE:A8=A%AA,1711423574,1419974240,1671507222,1165752984,446649112,M3s.,C!lAeln,harxcV,N,1894558087,332795434,336334933,VENEuU{LA,,CEYleengGaKker<KeqN@1.=Cu,2452338
1049925580,AAAAA*AAjAAKAAvA,1468397683,686462739,1057311001,643187158,886023461,MrU],Zollee[,Pvttu<,N,159971787,1250522554,2094832932,VtNYkUE_A,,C3lleen.2[r#eF@KEANc1.[du,2b523I^
1673051222,AAAA=ZFA36<2A1mA,1654729635,571671330,1553222250,1603723714,,M"s.,)oll<en,P%~k!r,N,573576581,1457063602,2081613875,V!:ESUi:A,,{o|vee<.PaT:e64CehTk1wedu,7V52R|8
328091927,AFAtAA2dBvA=oAAg,1927961643,1505172698,481441835,821017510,660204098,M9?X,holle-n,3@vk"p,N,1430505675,1358674486,750982732,`EJEZUELA,,CtXleen.'a#k9&(gFhvW1Ced5,24mkpZ8
46366719,-AAASA[=BAA[@AAV,1907236625,507515554,632530270,1235090394,1110047129,5Hp#,BFP-4on,xarker,0,518966605,1745962941,990602954,VEN1{UtaA,,rtmfeLb#Qa[k.kboefNc1.e6A,Wwi2:4i
109767109,}[1{AAA26AAApC+g,318398883,,1400964190,1711810595,53012674,,Col]een,?T(ke=,N,920961568,517254991,841876073,"J!9ZUKLw,,IJlpeencPR;kNH@K~`{cb.wb<,24yny3m
1059146254,AAw7AAkA:AAWAAL>,1989909850,1865694206,1245099161,1078226098,1289149535,PrQ.,w(ll9W-,Pa_kec,?,336169237,1508177807,314253411,,,bjl\efn.Da=(er@Ke<N81.C#X,O2y23hb
1.0,GA;AAAAA"A#AwAAA,504440997,1810899824,1383287995,2093413707,598571818,Mrs.,CnpleVj,PaNUer,z,383144375,244219506,1043040299,VErS_UwLA,,Aol"jOnA:LrkerzKehcc1Ned~,245233s
1.0,OAA|iA.A+AAA&cAQ,2129979208,219220523,1504382045,131650905,,Mr@.,<;llRen,oarVk!,%,924990958,1236562276,550262203,doPEZeELA,,C.ll:Hn.PJrTfr@Ky8.72(e2u,4b5f338
,A|AskHAIBm./b[iv,,347393860,764127707,217769961,1585935373,Yrsh,,d4rkpr,N,50222046,601126003,87213183,Vn<EF0ELA,,A{lN=en.!arkD)@KehRD1.`du,<.5Y3@M
294836704,SAE3UAAA/AAR7]JG,1689054556,2040879140,756409368,1953307619,289444687,Mrs(,Co-lJel,;Jrber,a,1786354638,566445499,1367224851,VENE|$9Iu,,C1l}el(.u<rs`EzVNhQZ1.eTu,I4B2j38
1408644374,kTuAxA`gB-AAAAYA,1409205156,494198336,,1101960332,1018713256,dr!.,{tble0n,Iarned,N,248765910,1870543484,282029844,0!ETS'}LA,,Cul$eodCxPrkv(@u<h_|v.!e3,2_5r?3<
1614777414,RArCAA:Lab"?f++l,1033015055,6400.0,161167534,2140324385,1814956622,Mrsy,47lTe&>,Parkee,N,368368558,950578346,1565992489,,,Coll[en.PacEHaq_Q0Nc-^Idu,p45\?38
,,1762730075,2027866163,1609513145,1025623540,616961402,<rA.,Cv>leen,,J,1086710179~1956466064,,,,ColxVlz.P4rkMc@tehNco.JUu,24m2338
181318473,A;1AAUA*BA)AHsAA,1155643562,1505813941,4211.0,26882216,,F's.,@2OvF<4,Pa3HE~,,1198410943,892277581,1158664316,VqN.b(ELA,,IoQjeeV!P=rkeq@eezG@+dTd.,$452m<a
51195345,AtAAAAGAB?A7AVAz,1091807207,1242001503,584981627,1469392852,933587817,Mrs.,Toalee~,zark$+,N,,460503793,1170705830,VENTP(ELA,,C=lYwqZXParrer@;ehz(]cjdt,b41j6"8
214050800,AvAyAA5A?(AYJAAN,1962203508,1557448032,1711904988,1623732841,161065378,N9I.,,BarkzE,N,206612531,1620578013,1188805618,4wNKVU2xd,,Coll8en.PH(sdr`Ke.CW^.d%u,0s5u3\8
996406270,A~AAbA_ABkAAAhA~,1363125176,650539470,731339358,621406112,1200275293,M(nf,Co3]efn,ParkQr,g,956292435,1923667171,1014852002,yENEsUFL[,,zolDeepba>rk(P@)~`NcV`ed',^45m3(u
1411882467,AA'AAf*ABAm.AAA:,88739955,1238930784,772523642,243972891,1125779364,Mrs6,:olhejP,P4r$er,N,842351902,1508462093,295116464,VE\EZUELA,,,#[Y23*[
1675456707,{AAA{|AAB4EAV'U!,2123772344,1611766233,1389890262,399661089,828078899,zr0.,,PeBke8,N,775300769,1516427292,55087246,VsJEZ:ELA,,C)llBer.Par#erte;hsc1.Jd`,245<33:
1397411674,AXzA3A|A>AAAAAbk,78074417,1506535439,1180478695,266932317,1777491031,M;s.,Colleen,PPr>|r,N,465843930,2114789147,2064578344,VE-pj%xLA,,C9@9een{aqrk8%@=*aNb1!-du,w|$23Y.
686643832,A{AARAAApARAAAAA,1099533393,106156682,1895467766,625018737,,Mr8j,\=l|-eL,%a5kdr,m,1241453845,1522469791,1622344585,q?3EZU?L;,,Cjl8Ke2.P)fker@$@{Tc1WwRX,k456CP8
536430608,8eAAA-AAB=.Aq]HA,487992230,388582098,1964263157,1595139811,465623685,Mes.,Co">?h<,PaiCer,e,1687925400,1983141236,2050278124,VKnETUELA,,7ollLedgPa+J*r'fehQc1Hed",24w2L3Q
304702823,A0lQAA}A?AAAAAA>,959808872,1082556430,8491449,962653885,1161325790,Mrss,Coj@e6n,Ppr8er,m,1791892491,1182549825,2009160886,V?N;Z<5Lt,,Col%een.Warke&XEuhPc1.edu,2n<h33'
1861901358,t7AAA_%p~AAd4@AA,1802946238,558300613,1932229505,1483715595,,M}sJ,Co"{H]*,Par9er,k,1287546296,247623486,1688540427,;EN9ZUALA,,,l@w233H